player,country,games,win_rate,kda,avg_kills,avg_deaths,avg_assists,csm,gpm,kp%,dmg%,dpm,vspm,avg_wpm,avg_wcpm,avg_vwpm,gd@15,csd@15,xpd@15,fb_%,fb_victim,penta_kills,solo_kills
113,TR,9,0.444,3.8,2.6,2.7,7.4,5.6,331,0.75,17.4,471,1.29,0.23,0.33,0.21,53,1,-55,0.33299999999999996,0.0,0,2
13,FR,8,0.375,3.2,6.0,3.4,4.8,7.6,416,0.804,34.1,851,1.05,0.4,0.25,0.08,54,-12,-473,0.5,0.125,0,1
1Jiang,TW,7,0.14300000000000002,2.1,2.7,3.3,4.1,6.7,345,0.612,23.0,485,1.18,0.49,0.2,0.29,276,0,0,0.0,0.0,0,0
1xn,CN,8,0.75,5.9,7.5,2.4,6.5,9.5,489,0.833,31.6,872,1.21,0.37,0.38,0.11,471,0,0,0.0,0.0,0,0
23Nino,GR,10,0.2,1.6,2.5,4.1,4.2,7.6,376,0.43200000000000005,21.3,534,0.87,0.36,0.11,0.09,105,0,-429,0.3,0.1,0,3
369,CN,7,0.5710000000000001,2.2,2.4,3.4,5.0,7.9,391,0.51,19.7,538,0.97,0.35,0.17,0.14,92,0,0,0.0,0.0,0,0
3XA,FR,9,0.556,6.4,7.0,2.0,5.8,9.6,486,0.726,30.8,910,1.27,0.46,0.38,0.14,859,4,106,0.556,0.0,0,0
AKi,CN,4,0.75,4.8,3.0,2.8,10.3,7.2,383,0.795,23.4,568,1.24,0.22,0.28,0.19,285,0,0,0.0,0.0,0,0
APA,US,5,0.6,2.5,4.8,4.6,6.8,8.1,416,0.632,27.7,925,1.14,0.42,0.25,0.2,130,0,234,0.0,0.0,0,2
APP,RS,3,0.667,2.1,2.0,3.3,5.0,6.2,342,0.445,15.2,430,0.69,0.18,0.17,0.11,430,8,468,0.33299999999999996,0.0,0,0
Abagnale,TR,8,0.875,3.0,1.0,5.1,14.5,1.1,268,0.769,6.0,177,3.76,2.33,0.44,0.55,-65,6,-127,0.375,0.25,0,0
Abbedagge,DE,5,0.2,1.6,2.4,3.2,2.6,8.2,365,0.499,24.9,633,0.98,0.42,0.21,0.2,-659,-8,-658,0.2,0.0,0,0
About,KR,11,0.182,2.5,4.5,3.5,4.5,9.5,433,0.725,29.8,796,1.35,0.49,0.35,0.18,-205,4,145,0.364,0.091,0,1
Abyssxd,BA,2,0.0,2.8,1.5,4.0,9.5,1.1,251,0.879,7.7,157,1.83,0.84,0.15,0.16,-314,1,418,0.5,0.0,0,0
Ackerman,AR,7,0.7140000000000001,4.6,0.7,2.4,10.4,1.0,258,0.8059999999999999,8.2,249,3.56,1.76,0.41,0.51,31,-5,115,0.14300000000000002,0.429,0,0
Adam,FR,9,0.111,1.9,2.6,3.3,3.8,8.4,395,0.618,22.6,477,1.07,0.38,0.26,0.11,-380,2,53,0.111,0.222,0,0
Adryh,ES,9,0.0,0.8,1.1,4.0,2.2,8.3,353,0.552,24.0,506,0.7,0.29,0.2,0.04,-1560,-11,-650,0.111,0.0,0,1
Adyyy,CZ,10,0.2,2.9,3.6,3.0,5.2,8.4,390,0.544,28.4,708,0.64,0.23,0.14,0.02,-94,0,-73,0.3,0.1,0,4
Aegis,BR,5,0.6,5.7,3.6,2.6,11.2,6.2,357,0.769,15.5,438,1.29,0.2,0.3,0.16,-27,-7,-207,0.4,0.2,0,0
Aetinoth,TR,10,0.7,5.8,5.0,1.6,4.2,9.2,459,0.573,28.7,762,0.98,0.46,0.25,0.08,633,0,291,0.2,0.0,0,5
Afroboi,DE,9,0.556,6.0,5.0,2.0,7.0,7.1,394,0.753,14.5,389,1.17,0.12,0.33,0.12,37,-1,-166,0.33299999999999996,0.111,0,0
Agresivoo,PL,4,1.0,5.8,5.3,2.3,7.8,8.3,425,0.535,21.5,714,1.07,0.48,0.19,0.15,-89,0,193,0.25,0.0,0,3
Agurin,DE,9,0.556,2.4,2.6,4.7,8.8,7.1,371,0.624,18.9,540,1.31,0.31,0.29,0.13,-27,0,-110,0.444,0.0,0,0
Aiming,KR,14,0.7140000000000001,12.2,3.9,0.9,7.4,9.3,444,0.7240000000000001,30.5,809,1.12,0.45,0.31,0.12,84,4,94,0.214,0.071,0,3
AkHasspun,SE,4,0.25,1.6,0.3,4.8,7.5,1.0,222,0.855,9.5,202,2.42,1.16,0.26,0.24,-45,0,-70,0.25,0.0,0,0
Ale,CN,8,0.75,6.7,2.6,1.4,6.6,7.7,385,0.603,22.8,666,0.85,0.41,0.13,0.14,-25,0,0,0.0,0.0,0,0
Alive,KR,4,1.0,5.9,5.8,2.3,7.5,9.5,454,0.72,25.1,681,1.06,0.35,0.3,0.09,-15,-2,222,0.5,0.25,0,0
Alix,TR,8,0.375,3.8,3.5,2.6,6.4,8.7,403,0.701,30.5,722,0.92,0.31,0.23,0.1,557,4,349,0.375,0.0,0,2
Alvaro,ES,9,0.667,5.0,1.0,2.7,12.3,1.0,274,0.8240000000000001,7.2,205,3.94,1.92,0.52,0.49,315,-4,-122,0.667,0.111,0,0
Andariel,TR,10,0.4,4.5,4.3,2.2,5.5,8.6,417,0.77,25.3,569,0.93,0.36,0.22,0.12,510,6,343,0.2,0.0,0,0
Andil,KR,15,0.5329999999999999,2.3,0.4,3.7,7.9,1.0,237,0.691,7.7,183,3.23,1.57,0.41,0.45,-344,1,-126,0.267,0.267,0,0
Angel,CN,7,0.14300000000000002,3.0,1.7,2.9,6.7,8.3,376,0.738,27.7,648,1.21,0.42,0.27,0.23,-192,0,0,0.0,0.0,0,0
Anyone,PL,5,0.4,3.4,6.2,2.8,3.2,8.9,457,0.546,27.7,700,0.46,0.21,0.11,0.0,36,-17,-523,0.4,0.2,0,2
ArQuel,PL,4,0.0,1.1,1.8,3.8,2.3,6.2,304,0.504,14.1,282,0.93,0.4,0.12,0.15,312,5,158,0.0,0.0,0,0
Aress,VN,10,0.5,3.9,2.5,2.0,5.3,8.4,404,0.5,22.0,556,1.03,0.44,0.22,0.16,1,2,239,0.1,0.2,0,1
Aria,KR,9,0.222,4.4,5.2,2.3,5.1,8.7,430,0.84,30.7,791,1.25,0.36,0.35,0.23,413,4,227,0.222,0.111,0,1
Armut,TR,8,0.75,3.6,4.3,3.0,6.6,8.0,408,0.56,20.8,636,1.15,0.55,0.15,0.13,-18,-1,-175,0.0,0.125,0,1
Artemis,VN,10,0.5,5.3,4.9,1.8,4.7,9.1,438,0.7340000000000001,25.5,624,1.17,0.41,0.32,0.16,68,0,-67,0.2,0.0,0,1
Artoria,FR,8,0.125,2.1,2.3,2.9,3.8,8.1,367,0.606,26.9,608,0.78,0.39,0.09,0.15,-557,-2,-192,0.0,0.375,0,3
Assum,CN,7,0.14300000000000002,1.8,2.4,4.1,5.0,8.8,391,0.56,24.6,604,1.13,0.4,0.32,0.17,-473,0,0,0.0,0.0,0,0
Avarice,BG,8,0.875,8.7,4.8,1.5,8.3,9.5,465,0.669,26.8,780,0.77,0.26,0.26,0.02,-273,5,-10,0.25,0.0,0,1
Axelent,MK,10,0.8,8.7,8.8,2.1,9.4,8.4,490,0.789,28.5,879,0.83,0.35,0.2,0.06,262,-1,-248,0.3,0.2,0,1
Aytekn,TR,10,0.5,2.0,2.2,3.2,4.2,7.2,353,0.402,19.4,555,0.77,0.25,0.15,0.08,235,15,398,0.1,0.1,0,4
Ayu,BR,5,0.6,15.3,4.2,0.6,5.0,9.5,444,0.6459999999999999,24.9,588,1.03,0.43,0.24,0.13,221,10,232,0.2,0.0,0,0
Azhi,TW,8,1.0,7.5,3.6,1.6,8.5,7.7,406,0.6990000000000001,21.4,623,1.01,0.39,0.19,0.16,460,10,141,0.375,0.0,0,5
BAO,KR,8,0.75,6.6,5.9,2.0,7.4,8.8,445,0.645,26.2,799,1.22,0.51,0.33,0.13,-146,-2,137,0.125,0.125,0,1
Baashh,DK,8,0.375,2.7,1.8,4.5,10.4,4.8,306,0.722,15.8,420,0.86,0.17,0.19,0.13,-792,-8,-484,0.125,0.125,0,2
Backlund,SE,6,0.16699999999999998,2.2,3.7,3.5,4.2,7.8,376,0.6890000000000001,28.7,738,0.8,0.27,0.2,0.08,60,-1,-35,0.0,0.0,0,1
Badlulu,FR,10,0.7,2.7,3.6,2.9,4.3,7.9,405,0.488,20.1,513,0.86,0.37,0.11,0.16,85,-3,68,0.1,0.1,0,3
Balyy,ES,7,0.5710000000000001,3.9,4.0,3.3,8.7,6.6,375,0.745,21.3,595,1.23,0.22,0.26,0.21,447,23,871,0.14300000000000002,0.0,0,1
Bananitoo,GR,7,0.7140000000000001,6.7,1.3,2.9,17.7,1.0,275,0.82,6.2,172,3.17,1.35,0.46,0.35,305,0,264,0.28600000000000003,0.0,0,1
Banderas,NO,6,0.667,2.8,3.5,3.0,5.0,8.2,425,0.46799999999999997,23.4,664,0.91,0.38,0.17,0.04,429,11,467,0.16699999999999998,0.0,0,11
Batuuu,TR,8,0.5,2.3,0.4,3.9,8.4,1.0,243,0.7140000000000001,6.7,168,3.34,1.63,0.42,0.5,-119,-2,-84,0.0,0.125,0,0
Baus,SE,6,1.0,1.5,2.7,4.8,4.7,8.9,434,0.442,25.0,646,0.6,0.29,0.09,0.0,473,15,279,0.16699999999999998,0.33299999999999996,0,4
Bdd,KR,13,0.5379999999999999,4.9,3.2,1.8,5.8,8.8,409,0.71,26.0,620,1.13,0.42,0.23,0.19,-101,-2,-10,0.154,0.0,0,2
Bean,DE,5,0.8,8.7,5.2,1.2,5.2,9.9,478,0.784,28.8,763,0.82,0.34,0.19,0.09,166,-1,11,0.2,0.0,0,0
Beichuan,CN,8,0.75,5.0,2.8,2.6,10.4,6.9,391,0.773,17.8,489,1.37,0.33,0.28,0.28,150,0,0,0.0,0.0,0,0
Belit,PL,8,0.25,2.2,2.4,3.9,6.1,6.1,331,0.7390000000000001,16.3,376,1.28,0.29,0.23,0.24,-359,-4,-270,0.125,0.0,0,0
Berserker,KR,15,0.267,4.5,3.3,1.7,4.5,9.4,410,0.721,26.0,642,1.19,0.4,0.3,0.12,22,-2,-163,0.33299999999999996,0.067,0,0
BeryL,KR,14,0.7140000000000001,3.6,1.1,3.0,9.7,1.2,258,0.711,7.9,211,3.35,1.61,0.47,0.52,138,3,447,0.28600000000000003,0.14300000000000002,0,1
Betty,TW,8,1.0,13.6,5.3,0.9,6.6,9.2,468,0.657,26.8,764,1.05,0.36,0.31,0.1,22,2,-123,0.125,0.0,0,3
Bin,CN,6,1.0,5.7,2.7,1.5,5.8,8.3,416,0.48700000000000004,16.8,450,0.94,0.3,0.19,0.11,528,0,0,0.0,0.0,0,0
BioPanther,AU,9,0.111,1.5,1.8,3.6,3.6,7.5,349,0.551,20.8,454,0.71,0.39,0.09,0.07,235,8,644,0.222,0.222,0,2
Bisgaard,DK,9,0.222,5.3,3.1,1.2,3.3,8.4,380,0.621,27.2,648,0.66,0.31,0.08,0.1,29,-5,-53,0.222,0.0,0,2
Bitse,DE,9,0.222,1.6,1.3,3.7,4.6,5.8,311,0.615,15.5,361,1.11,0.24,0.28,0.21,-506,-10,-393,0.111,0.111,0,0
Blaber,US,6,0.667,3.8,2.8,2.5,6.7,7.2,373,0.698,14.5,339,1.58,0.29,0.38,0.22,14,7,131,0.5,0.16699999999999998,0,1
Blueboar,HU,2,0.5,2.3,3.0,4.0,6.0,7.1,376,0.662,12.9,310,1.13,0.28,0.22,0.24,467,22,1037,0.5,0.0,0,0
Bluffing,KR,12,0.25,2.5,0.4,4.7,11.1,1.1,242,0.7959999999999999,8.0,202,3.59,1.78,0.49,0.55,-79,-2,84,0.16699999999999998,0.0,0,0
Boal,BR,6,0.33299999999999996,2.4,2.3,3.3,5.5,7.6,369,0.61,18.3,500,1.13,0.46,0.18,0.21,-60,3,646,0.16699999999999998,0.0,0,1
Bong,KR,8,0.375,2.4,3.0,2.9,4.0,7.5,377,0.512,22.1,463,1.13,0.36,0.25,0.15,-45,-11,64,0.25,0.0,0,2
Bonnie,KR,13,0.615,4.1,3.0,2.9,9.0,6.5,372,0.6709999999999999,15.0,461,1.53,0.32,0.34,0.28,-180,1,-82,0.231,0.077,0,0
Boukada,FR,9,0.556,4.4,1.7,2.8,10.4,5.8,340,0.705,15.2,429,1.35,0.25,0.29,0.21,114,3,155,0.556,0.111,0,1
Brance,BR,5,0.6,5.0,8.4,2.8,5.6,9.1,469,0.748,31.4,912,1.11,0.4,0.33,0.09,650,0,4,0.4,0.0,1,1
Breathe,CN,7,0.857,4.5,4.0,2.0,5.0,7.9,415,0.502,17.2,446,0.99,0.39,0.14,0.12,-96,0,0,0.0,0.0,0,0
Broeki,DE,6,0.667,3.9,5.7,3.3,7.3,7.4,419,0.5579999999999999,21.5,704,0.76,0.36,0.13,0.11,272,-8,-318,0.33299999999999996,0.16699999999999998,0,1
Brokenblade,DE,9,0.667,4.5,3.1,1.9,5.4,7.4,386,0.522,19.0,488,1.01,0.42,0.17,0.16,337,1,325,0.0,0.111,0,0
Buchi,SE,9,0.222,1.1,0.9,2.9,2.2,7.6,333,0.304,21.5,496,0.82,0.43,0.1,0.14,-551,-14,-474,0.0,0.111,0,0
Bull,KR,7,0.28600000000000003,3.9,4.4,2.6,5.6,8.8,421,0.735,31.3,854,1.27,0.48,0.32,0.18,245,4,474,0.429,0.0,0,1
Bulldog,KR,13,0.308,2.8,2.8,2.9,5.5,8.5,388,0.721,28.7,718,1.14,0.49,0.21,0.27,-39,2,-46,0.077,0.154,0,2
Burdol,KR,7,0.7140000000000001,2.3,2.1,3.6,6.0,7.9,391,0.629,21.0,630,1.1,0.4,0.19,0.23,-235,-2,-346,0.14300000000000002,0.0,0,2
Busio,US,5,0.6,3.3,0.6,3.2,10.0,1.1,255,0.733,8.8,224,3.39,1.78,0.32,0.4,-120,0,-141,0.0,0.4,0,0
Bvoy,KR,5,0.4,2.5,2.6,2.2,3.0,8.8,399,0.596,27.0,606,0.93,0.41,0.18,0.18,-212,-1,-363,0.2,0.0,0,0
Bwipo,BE,5,0.6,2.2,3.0,3.8,5.2,7.4,400,0.635,24.4,624,1.07,0.38,0.23,0.17,450,5,289,0.2,0.2,0,1
CPM,RO,10,0.7,4.6,2.7,2.1,6.9,6.6,359,0.634,16.7,437,0.64,0.24,0.12,0.03,-294,-15,-178,0.0,0.2,0,4
Caliste,FR,9,0.667,6.3,3.7,1.7,6.9,9.4,460,0.727,26.3,771,1.08,0.47,0.24,0.12,-296,-3,-40,0.222,0.222,0,1
Calix,KR,10,0.2,3.1,2.6,2.5,5.1,8.6,391,0.574,24.1,605,1.27,0.43,0.32,0.26,-92,1,19,0.0,0.0,0,6
Callme,KR,8,0.5,3.5,2.8,2.8,7.0,8.6,405,0.748,30.1,757,1.19,0.3,0.35,0.18,-255,4,251,0.25,0.125,0,1
Calmsky,PT,9,0.222,1.6,0.4,4.3,6.6,0.9,225,0.7340000000000001,8.2,195,3.05,1.77,0.32,0.58,-359,-6,-527,0.0,0.222,0,1
Camana,TR,7,0.5710000000000001,4.2,5.7,3.0,7.0,8.1,428,0.7040000000000001,26.3,740,0.93,0.34,0.19,0.11,240,9,107,0.14300000000000002,0.14300000000000002,0,6
Canna,KR,9,0.667,4.8,4.3,1.9,4.7,7.8,402,0.521,22.6,645,1.09,0.54,0.16,0.19,-102,-2,-333,0.0,0.111,0,3
Canyon,KR,11,0.636,3.8,2.7,2.7,7.7,6.5,365,0.701,17.9,534,1.66,0.47,0.36,0.35,34,2,273,0.273,0.273,0,0
Caps,DK,9,0.667,5.5,4.4,1.7,4.8,9.1,443,0.5579999999999999,27.6,724,0.98,0.27,0.24,0.13,532,6,225,0.222,0.0,1,5
Care,CN,4,0.25,3.1,4.0,2.8,4.5,8.8,429,0.797,33.1,643,1.49,0.37,0.42,0.23,-365,0,0,0.0,0.0,0,0
Career,KR,13,0.615,7.0,1.5,1.9,12.0,1.4,267,0.7879999999999999,7.4,225,3.47,1.63,0.48,0.45,-141,5,203,0.385,0.0,0,1
Cariok,BR,6,0.5,3.3,1.8,3.3,9.2,6.1,340,0.6859999999999999,15.9,443,1.48,0.3,0.37,0.25,48,2,143,0.5,0.0,0,0
Carlsen,DK,9,0.33299999999999996,2.0,1.9,2.8,3.7,7.7,356,0.513,17.3,391,0.74,0.33,0.13,0.15,-458,-3,-197,0.222,0.222,0,1
Carnage,GR,7,0.429,2.5,3.0,4.4,8.0,5.6,348,0.721,12.1,324,1.07,0.22,0.27,0.26,198,-2,-230,0.7140000000000001,0.0,0,0
Carros 2,PT,5,0.2,1.6,2.8,4.2,3.8,8.0,366,0.794,26.8,514,0.55,0.24,0.12,0.0,-919,-18,-535,0.2,0.2,0,0
Carry,TR,8,0.75,3.8,0.9,3.9,13.8,0.9,263,0.7170000000000001,6.3,182,3.68,1.94,0.4,0.51,-46,1,42,0.125,0.25,0,0
Carzzy,CZ,9,0.556,5.1,4.9,2.0,5.2,8.8,432,0.685,30.0,814,1.36,0.48,0.36,0.16,310,10,212,0.556,0.0,0,1
Casting,KR,10,1.0,9.2,4.1,1.4,8.8,7.7,425,0.6,20.7,637,1.04,0.41,0.16,0.14,206,-6,-81,0.2,0.3,0,3
Castle,KR,5,0.2,1.5,3.8,4.4,2.8,7.0,361,0.631,29.3,756,0.95,0.43,0.17,0.21,585,11,296,0.4,0.2,0,4
Cboi,DK,8,0.625,2.9,1.0,3.8,9.9,5.9,347,0.78,16.7,504,1.14,0.3,0.24,0.23,20,9,158,0.5,0.0,0,0
Centu,GR,10,0.5,3.8,0.8,3.1,10.9,0.8,251,0.789,6.7,194,3.2,1.62,0.32,0.43,152,-2,276,0.5,0.0,0,0
Ceo,AR,7,0.5710000000000001,7.4,5.4,1.7,7.3,9.0,430,0.7290000000000001,27.9,799,1.19,0.57,0.24,0.19,-14,-3,699,0.429,0.0,0,1
Chap1nho,RS,1,0.0,0.4,2.0,8.0,1.0,5.0,276,0.375,25.8,471,0.39,0.24,0.04,0.0,-1659,-17,-659,0.0,0.0,0,0
Checkfider,CZ,7,0.0,1.4,2.6,4.9,4.0,8.9,402,0.545,23.8,619,0.64,0.25,0.19,0.0,-952,-9,-843,0.28600000000000003,0.0,0,0
Chovy,KR,11,0.636,5.2,3.3,2.2,8.0,8.8,430,0.7290000000000001,26.3,763,1.29,0.41,0.38,0.18,241,2,129,0.0,0.0,0,3
Citrus,KR,8,0.5,2.1,2.9,4.6,6.9,6.2,344,0.63,21.1,507,1.77,0.41,0.45,0.34,-166,2,-77,0.25,0.375,0,0
Clear,KR,13,0.231,1.6,1.5,3.7,4.5,7.4,352,0.475,20.8,501,0.92,0.33,0.17,0.14,6,3,64,0.077,0.154,0,1
Click,IT,10,0.6,3.3,1.2,3.7,10.9,1.0,264,0.742,7.3,196,3.33,1.77,0.33,0.48,247,-2,110,0.2,0.0,0,0
Climber,CN,6,0.5,6.9,4.8,2.0,9.0,6.2,374,0.759,16.6,460,1.67,0.45,0.38,0.31,-270,0,0,0.0,0.0,0,0
Closer,TR,9,0.556,3.7,2.2,2.8,8.1,5.2,323,0.701,14.1,373,1.54,0.29,0.43,0.27,-14,0,-9,0.444,0.0,0,0
Cloud,KR,11,0.727,3.0,0.8,3.7,10.2,1.3,270,0.785,8.5,214,3.8,2.15,0.53,0.71,310,4,490,0.182,0.273,0,0
Clozer,KR,14,0.28600000000000003,4.7,3.3,2.1,6.4,9.2,409,0.6970000000000001,27.1,665,1.04,0.39,0.24,0.17,390,9,207,0.214,0.071,0,1
Coldraa,TR,10,0.7,5.6,4.5,2.2,7.9,8.8,429,0.669,26.4,749,0.9,0.34,0.25,0.12,251,-1,-161,0.3,0.0,0,0
Color,PL,6,1.0,7.0,2.2,1.3,7.2,7.6,400,0.507,20.7,634,0.78,0.34,0.11,0.09,904,32,828,0.16699999999999998,0.16699999999999998,0,1
Comp,GR,7,0.5710000000000001,13.4,4.4,0.7,5.1,10.6,465,0.778,31.5,730,1.21,0.35,0.35,0.09,130,9,392,0.28600000000000003,0.14300000000000002,0,2
Contractz,US,5,0.4,1.8,1.4,3.6,5.0,6.0,323,0.7140000000000001,17.6,422,1.25,0.29,0.28,0.24,-326,-11,-340,0.4,0.2,0,0
CoreJJ,KR,5,0.6,4.4,2.2,3.2,12.0,1.0,273,0.772,9.7,322,3.38,1.68,0.41,0.42,-97,-4,178,0.4,0.0,0,1
Courage,KR,9,0.111,1.9,1.7,3.4,4.8,5.5,311,0.768,14.2,332,1.31,0.32,0.35,0.29,-558,-15,-846,0.556,0.0,0,0
Crem,TR,7,0.5710000000000001,6.1,5.7,2.0,6.4,9.5,482,0.648,29.8,837,0.58,0.26,0.11,0.03,368,13,279,0.28600000000000003,0.14300000000000002,0,3
Creme,CN,7,0.5710000000000001,4.1,3.9,2.6,6.7,8.5,405,0.664,28.8,795,1.09,0.43,0.24,0.15,59,0,0,0.0,0.0,0,0
Crisp,CN,7,0.5710000000000001,2.8,0.6,4.3,11.3,1.0,247,0.7659999999999999,6.8,178,3.41,1.87,0.36,0.64,-68,0,0,0.0,0.0,0,0
Croniik,ES,8,0.625,6.1,1.8,2.4,12.6,5.8,355,0.795,12.6,336,1.22,0.18,0.33,0.12,223,5,96,0.25,0.0,0,0
Crownie,SI,6,1.0,14.4,7.5,0.8,4.5,10.5,537,0.6659999999999999,27.5,755,0.98,0.37,0.33,0.04,859,13,-201,0.5,0.0,0,0
Cube,CN,6,0.0,1.8,1.2,3.0,4.3,8.0,348,0.599,22.2,480,0.98,0.47,0.13,0.17,-13,0,0,0.0,0.0,0,0
Cuzz,KR,13,0.5379999999999999,3.0,2.8,3.0,6.1,7.0,366,0.728,18.8,467,1.67,0.33,0.4,0.3,94,11,419,0.308,0.154,0,2
Czajek,PL,9,0.556,4.6,3.2,1.9,5.4,9.2,433,0.578,24.8,682,1.05,0.43,0.22,0.24,3,-1,276,0.111,0.111,0,2
Czekolad,PL,10,0.4,2.5,2.9,3.0,4.7,8.8,420,0.594,28.5,732,0.83,0.35,0.16,0.11,469,4,288,0.4,0.1,0,1
D4nKa,DE,5,0.6,5.5,2.4,2.0,8.6,6.1,360,0.6809999999999999,16.9,393,1.2,0.29,0.23,0.15,16,5,317,0.0,0.2,0,1
DDoiV,KR,12,0.75,4.0,4.5,3.6,9.8,6.1,384,0.6779999999999999,14.7,458,1.76,0.39,0.45,0.39,139,-6,-269,0.25,0.083,0,2
Daglas,PL,10,0.8,12.0,3.3,0.9,7.5,7.7,411,0.7070000000000001,17.8,488,1.36,0.32,0.3,0.19,529,19,1024,0.3,0.1,0,4
DahVys,ES,3,1.0,6.4,5.7,3.0,13.7,6.6,414,0.659,15.5,499,1.15,0.26,0.17,0.18,864,13,520,0.667,0.33299999999999996,0,1
Dajor,DE,5,0.8,5.5,2.8,1.6,6.0,9.1,422,0.64,27.9,724,1.4,0.53,0.25,0.19,294,11,56,0.2,0.2,0,0
Dawciu,PL,5,0.4,3.1,3.0,3.0,6.4,6.4,358,0.7709999999999999,15.9,417,0.84,0.11,0.22,0.08,-62,-10,-416,0.6,0.2,0,0
Daystar,KR,13,0.615,4.0,4.6,3.2,7.9,8.5,422,0.7040000000000001,28.1,835,1.05,0.44,0.2,0.22,-197,-1,-332,0.308,0.231,0,0
Deadly,GB,8,0.25,4.4,3.6,2.0,5.1,9.4,427,0.772,30.6,757,1.21,0.38,0.4,0.1,99,0,-204,0.0,0.0,0,1
Decay,FR,7,0.5710000000000001,4.0,4.4,2.3,4.7,8.6,417,0.629,25.6,658,1.08,0.54,0.19,0.22,136,3,-9,0.14300000000000002,0.14300000000000002,0,0
Dejo,HR,3,0.0,0.8,0.3,3.7,2.7,1.0,217,0.833,6.5,113,3.0,1.57,0.44,0.49,-54,-1,-183,0.667,0.33299999999999996,0,0
Delight,KR,11,0.636,4.1,1.2,2.6,9.5,1.2,263,0.701,8.0,209,3.26,1.72,0.31,0.48,218,4,186,0.364,0.273,0,0
DenVoksne,DK,4,0.0,1.4,1.5,3.8,3.8,9.3,381,0.568,29.5,664,1.05,0.36,0.37,0.07,-249,-5,-423,0.0,0.0,0,0
Devn,DE,2,0.5,3.0,3.0,2.5,4.5,7.9,400,0.541,23.4,586,0.54,0.22,0.2,0.03,655,12,665,0.5,0.0,0,0
Diable,KR,13,0.231,3.3,4.5,2.6,4.0,9.4,433,0.774,27.0,686,1.19,0.43,0.36,0.13,202,4,234,0.308,0.0,0,5
Dionelux,TR,7,0.5710000000000001,2.4,2.4,3.1,5.0,6.7,353,0.495,18.3,450,0.79,0.4,0.09,0.1,-135,-13,-160,0.429,0.14300000000000002,0,6
Diplex,DE,8,0.25,3.4,2.5,2.3,5.3,8.4,386,0.718,30.9,775,0.99,0.41,0.16,0.22,153,3,327,0.125,0.0,0,0
Dire,VN,8,0.5,3.5,4.0,2.9,6.0,8.6,413,0.597,28.7,757,0.91,0.35,0.2,0.16,138,6,122,0.125,0.25,0,2
Disamis,BR,6,0.33299999999999996,3.2,3.7,3.0,6.0,5.9,356,0.675,16.6,444,1.35,0.23,0.32,0.24,406,7,362,0.33299999999999996,0.33299999999999996,0,1
Divinless,IT,6,0.16699999999999998,2.1,1.3,3.2,5.3,7.7,347,0.43200000000000005,24.0,529,0.6,0.25,0.1,0.08,-799,-14,-65,0.0,0.0,0,1
DnDn,KR,8,0.75,4.2,1.4,1.6,5.4,8.5,382,0.364,18.3,527,1.17,0.54,0.19,0.25,210,12,162,0.0,0.0,0,1
Doggo,TW,10,0.8,5.5,5.6,2.0,5.3,9.0,460,0.747,29.4,825,1.21,0.47,0.35,0.16,627,3,-465,0.3,0.1,0,0
Doinb,KR,4,0.75,7.7,3.8,1.5,7.8,8.5,420,0.6990000000000001,21.3,508,1.17,0.47,0.23,0.22,173,0,0,0.0,0.0,0,0
Doran,KR,13,0.6920000000000001,2.7,2.0,2.7,5.4,8.1,391,0.452,19.6,517,0.95,0.37,0.13,0.21,88,7,67,0.154,0.0,0,1
Doss,DK,6,0.833,4.6,0.5,3.2,14.0,0.9,261,0.7090000000000001,7.5,223,3.24,1.49,0.4,0.32,70,-1,276,0.33299999999999996,0.0,0,0
DoubleAiM,RS,3,1.0,7.3,5.0,2.0,9.7,8.0,436,0.625,18.8,559,1.42,0.19,0.39,0.17,878,24,959,0.0,0.667,0,2
Drakehero,BR,4,0.0,0.9,1.3,5.3,3.3,5.5,297,0.6509999999999999,15.6,295,1.33,0.35,0.33,0.29,-402,-13,-535,0.5,0.0,0,0
Driver,TW,7,0.857,5.8,1.0,1.1,5.6,7.6,365,0.45,18.7,539,0.87,0.43,0.09,0.15,594,19,675,0.28600000000000003,0.0,0,1
Druk,IT,2,0.0,1.3,1.5,3.0,2.5,7.6,334,0.792,29.8,458,0.68,0.36,0.09,0.05,-1446,-14,-580,0.5,0.0,0,0
DuDu,KR,15,0.267,2.8,2.7,2.4,4.1,7.8,367,0.628,22.3,564,1.0,0.34,0.18,0.16,67,4,85,0.2,0.133,0,4
Duro,KR,11,0.636,3.6,0.8,3.3,11.1,0.8,260,0.7809999999999999,6.3,184,3.39,1.64,0.37,0.51,255,-3,-24,0.455,0.0,0,0
Eckas,LT,10,0.5,4.1,2.4,2.8,9.0,5.9,348,0.75,17.1,465,1.51,0.33,0.36,0.23,111,-5,-90,0.5,0.0,0,0
Ecstassy,RO,9,0.111,2.2,3.1,2.8,3.1,8.3,378,0.634,25.9,626,0.86,0.34,0.21,0.08,-445,-6,-324,0.33299999999999996,0.111,0,1
Eddie,VN,8,0.5,4.5,4.4,2.4,6.3,9.6,440,0.679,28.2,771,1.15,0.43,0.27,0.14,612,14,758,0.375,0.0,0,3
Efias,UA,9,0.556,3.4,1.0,3.8,12.0,1.1,253,0.752,6.8,202,3.37,1.57,0.45,0.39,-315,4,29,0.556,0.111,0,0
Eika,FR,7,0.5710000000000001,6.4,2.9,1.4,6.3,8.4,401,0.754,26.7,617,1.32,0.52,0.27,0.2,-450,-5,-23,0.28600000000000003,0.0,0,2
ElOjoNinja,ES,9,0.0,0.9,1.3,4.0,2.4,5.4,308,0.688,13.5,283,1.06,0.21,0.23,0.2,-1023,-17,-693,0.33299999999999996,0.33299999999999996,0,0
Elijah,DK,6,0.33299999999999996,2.6,3.7,2.7,3.2,8.5,413,0.511,23.6,630,1.03,0.29,0.19,0.09,-28,0,92,0.16699999999999998,0.0,0,4
Elio,VN,10,0.5,3.4,0.5,2.9,9.3,1.2,249,0.757,8.4,205,3.42,1.84,0.41,0.61,166,1,330,0.2,0.1,0,0
Elk,CN,6,1.0,8.6,4.8,1.3,6.7,9.6,481,0.642,27.2,732,1.11,0.42,0.32,0.13,706,0,0,0.0,0.0,0,0
Ellim,KR,11,0.182,2.1,2.1,3.7,5.8,6.2,346,0.759,15.4,373,1.43,0.43,0.29,0.4,-23,-2,-55,0.364,0.091,0,0
Elyoya,ES,9,0.667,5.3,2.9,2.2,8.8,6.3,364,0.7,16.9,484,1.6,0.4,0.39,0.38,126,11,443,0.33299999999999996,0.222,0,1
Empyros,GR,7,0.5710000000000001,2.4,2.9,3.0,4.4,8.1,384,0.55,20.3,477,1.16,0.38,0.16,0.22,-530,-15,-640,0.0,0.28600000000000003,0,2
Enjawve,FR,8,0.375,2.0,0.5,5.0,9.4,1.7,253,0.701,8.3,196,3.08,1.59,0.39,0.51,205,11,352,0.25,0.125,0,0
Envyy,KR,13,0.615,4.1,4.4,2.8,7.2,9.0,434,0.685,25.3,728,0.93,0.36,0.27,0.1,-71,2,264,0.308,0.077,0,0
Erdote,PL,7,0.5710000000000001,2.2,0.6,3.4,7.0,0.9,226,0.649,6.3,145,3.92,2.24,0.45,0.56,-303,1,-95,0.28600000000000003,0.0,0,0
Escik,PL,10,0.4,2.8,3.4,3.3,5.7,8.4,393,0.6729999999999999,26.5,632,1.03,0.45,0.18,0.18,-18,3,106,0.2,0.1,0,2
Ethe,ES,9,0.0,0.6,0.9,4.0,1.3,8.2,347,0.35,23.4,489,0.59,0.27,0.08,0.08,-406,-7,-595,0.0,0.0,0,0
Evi,JP,9,0.111,0.8,1.0,4.2,2.4,6.8,319,0.342,20.8,484,0.93,0.38,0.11,0.13,-698,-16,-478,0.0,0.222,0,0
Execute,KR,9,0.111,1.6,0.3,4.8,7.1,0.9,230,0.769,7.3,144,3.77,2.18,0.4,0.6,12,-4,-35,0.33299999999999996,0.222,0,0
Exofeng,BG,9,0.556,5.7,7.2,2.8,8.7,8.7,449,0.785,28.5,865,0.73,0.3,0.22,0.01,186,-5,16,0.222,0.0,0,1
Eyla,AU,6,0.833,6.1,1.7,2.5,13.5,1.2,277,0.6859999999999999,6.7,210,3.74,1.77,0.56,0.46,263,0,-354,0.16699999999999998,0.0,0,0
Eyliph,FR,3,0.667,11.8,5.3,1.3,10.3,6.7,407,0.7190000000000001,25.3,755,1.02,0.44,0.15,0.17,-308,-3,-331,0.0,0.0,0,2
FATE,KR,9,0.111,1.6,2.3,3.1,2.7,8.3,370,0.5920000000000001,24.7,571,0.8,0.29,0.14,0.16,-240,-11,-348,0.222,0.0,0,1
FBI,AU,6,0.833,7.6,7.3,2.0,7.8,9.1,486,0.687,29.8,914,1.22,0.48,0.26,0.2,512,4,245,0.16699999999999998,0.0,0,2
FENZ1,BG,3,0.667,4.2,5.7,3.0,7.0,8.4,453,0.7829999999999999,33.3,963,0.78,0.19,0.19,0.08,1126,46,1430,0.667,0.0,0,4
FIERCE,SE,10,0.5,4.0,6.0,2.6,4.3,9.2,446,0.7120000000000001,31.3,900,0.78,0.36,0.12,0.06,9,-5,-176,0.1,0.1,0,7
FIESTA,KR,8,0.75,3.5,6.3,3.6,6.5,8.8,455,0.593,29.8,905,1.19,0.43,0.24,0.19,771,8,176,0.125,0.125,1,7
Faded2,GR,10,0.4,2.6,4.7,4.2,6.1,8.2,418,0.64,30.7,861,0.88,0.39,0.19,0.04,145,9,187,0.1,0.2,0,6
Faetski,DK,9,0.222,1.8,3.3,3.3,2.8,9.0,405,0.659,27.6,643,0.81,0.32,0.2,0.04,-598,-4,139,0.111,0.222,0,2
Faker,KR,13,0.6920000000000001,4.6,2.3,2.0,6.9,8.6,400,0.5529999999999999,25.3,664,1.05,0.4,0.22,0.17,-117,1,-81,0.077,0.077,0,2
Falleo,HR,3,1.0,18.0,7.3,0.7,4.7,8.0,460,0.502,19.1,563,0.8,0.39,0.07,0.11,952,17,441,0.0,0.0,0,2
Fame,GR,3,0.33299999999999996,1.7,1.7,5.0,7.0,5.8,318,0.585,12.9,361,1.37,0.37,0.21,0.3,-1064,-21,-1002,0.0,0.0,0,0
Farfetch,TR,8,0.75,4.0,1.4,3.6,13.0,0.9,274,0.765,6.6,190,3.47,1.59,0.43,0.47,272,0,49,0.75,0.125,0,1
Feather,CN,8,0.75,5.0,0.6,2.8,13.0,1.2,264,0.81,6.6,183,3.67,1.83,0.5,0.61,76,0,0,0.0,0.0,0,0
Feisty,KR,10,0.7,5.4,4.5,2.1,6.8,8.6,440,0.7240000000000001,30.6,781,1.12,0.41,0.29,0.22,815,16,243,0.4,0.1,0,5
Ferret,TR,10,0.7,6.1,2.7,1.7,7.6,6.1,372,0.62,13.9,374,1.47,0.29,0.33,0.24,456,3,162,0.5,0.1,0,2
FikusMeiste,RS,1,0.0,1.4,2.0,5.0,5.0,7.3,367,0.41200000000000003,26.0,581,0.77,0.38,0.15,0.0,-198,-24,-722,0.0,1.0,0,0
Fisher,KR,13,0.5379999999999999,3.4,2.9,2.8,6.6,8.2,397,0.667,27.1,671,1.04,0.44,0.22,0.26,-335,-10,-292,0.154,0.154,0,4
Flakked,ES,9,0.33299999999999996,2.8,3.3,2.7,4.2,9.0,411,0.703,31.4,739,1.41,0.48,0.41,0.19,54,-9,-287,0.111,0.0,0,1
Flandre,CN,7,0.857,4.5,3.0,3.1,11.0,7.3,389,0.61,21.0,620,1.16,0.37,0.26,0.17,-222,0,0,0.0,0.0,0,0
Fleshy,TR,6,0.667,3.5,1.0,4.0,13.2,1.1,274,0.789,10.5,312,4.04,1.95,0.61,0.48,289,-1,469,0.833,0.0,0,0
FlickeR,PT,6,1.0,12.4,9.3,1.2,5.2,9.4,536,0.8079999999999999,29.4,907,0.85,0.31,0.26,0.03,331,1,242,0.33299999999999996,0.0,0,1
Fluffy,TR,5,0.0,2.4,2.0,3.2,5.8,6.5,342,0.722,20.1,527,1.21,0.28,0.26,0.23,-759,-6,-449,0.2,0.2,0,1
FoFo,TW,8,1.0,8.3,4.1,1.6,9.4,8.6,443,0.762,31.8,905,1.16,0.53,0.26,0.19,20,4,-207,0.125,0.0,0,1
Fornoreason,DE,4,0.0,1.5,2.0,3.8,3.5,7.9,370,0.546,24.7,565,0.86,0.36,0.13,0.12,87,-8,101,0.0,0.0,0,2
Fresskowy,PL,10,0.5,3.9,3.8,2.3,5.2,8.9,425,0.611,25.8,673,1.11,0.44,0.21,0.19,163,5,143,0.3,0.1,0,1
Frog,KR,11,0.909,7.1,3.2,1.4,6.5,7.9,398,0.537,18.6,538,1.02,0.42,0.12,0.23,218,2,497,0.182,0.091,0,3
Frost,HU,8,0.875,3.3,3.6,4.3,10.4,6.8,404,0.7120000000000001,20.8,613,0.9,0.13,0.21,0.08,335,12,421,0.375,0.25,0,0
Fudge,AU,5,0.4,2.3,2.0,2.8,4.4,7.8,370,0.71,20.3,465,0.9,0.43,0.14,0.11,-550,-3,-320,0.0,0.2,0,0
Funk3y,DE,6,0.33299999999999996,5.7,4.2,1.8,6.3,9.3,426,0.612,29.5,819,1.53,0.4,0.44,0.15,-3,3,102,0.33299999999999996,0.16699999999999998,0,0
Furuy,NL,6,1.0,26.7,3.5,0.5,9.8,9.1,443,0.74,27.2,813,0.84,0.43,0.11,0.15,1102,24,552,0.0,0.0,0,0
Fuuu,BR,4,0.0,1.8,1.5,3.0,3.8,8.3,371,0.59,26.1,502,0.92,0.42,0.13,0.18,214,7,96,0.25,0.25,0,1
GALA,CN,8,0.5,3.1,3.4,2.8,5.1,9.2,425,0.636,24.2,619,1.11,0.27,0.32,0.11,30,0,0,0.0,0.0,0,0
GIDEON,KR,13,0.5379999999999999,4.6,2.2,2.2,7.7,6.6,354,0.66,14.4,361,1.79,0.41,0.42,0.38,113,6,94,0.385,0.0,0,0
GRAVE,TR,8,0.125,2.5,3.0,2.6,3.6,9.2,405,0.66,25.1,617,0.76,0.28,0.23,0.08,-567,-9,-364,0.375,0.0,0,2
Gaeng,KR,9,0.111,1.2,0.6,5.0,5.7,1.0,226,0.768,6.8,150,3.04,1.61,0.36,0.64,-173,-2,-371,0.33299999999999996,0.111,0,0
Gakgos,TR,8,0.875,5.5,4.5,2.1,7.3,8.3,432,0.593,18.6,560,0.79,0.36,0.11,0.1,248,12,-35,0.125,0.0,0,2
Garden,KR,13,0.231,2.3,2.6,3.5,5.2,8.5,374,0.733,27.8,627,0.98,0.45,0.18,0.2,-490,-11,-334,0.385,0.077,0,2
Goliah,IT,7,0.5710000000000001,5.7,4.1,2.0,7.3,6.6,379,0.728,15.9,407,1.08,0.25,0.2,0.33,107,0,329,0.429,0.0,0,0
Gordinho,PT,3,0.33299999999999996,0.9,0.0,7.0,6.3,0.8,220,0.639,5.7,169,2.98,1.39,0.3,0.27,-376,-7,-576,0.33299999999999996,0.0,0,0
Grevthar,BR,5,0.6,3.6,2.6,3.2,9.0,7.4,374,0.634,19.9,592,1.19,0.46,0.18,0.23,-321,-18,-410,0.2,0.0,0,0
Grizzly,KR,12,0.25,3.5,4.2,3.1,6.6,7.3,382,0.804,18.2,465,1.42,0.35,0.34,0.33,309,11,402,0.25,0.083,0,0
Guigo,BR,5,0.6,4.3,2.8,2.0,5.8,8.1,405,0.653,24.0,569,0.82,0.29,0.18,0.09,638,6,378,0.0,0.2,0,5
Guigs,BR,4,0.0,1.2,0.8,4.8,5.0,1.0,222,0.685,7.3,136,3.51,1.8,0.4,0.5,-362,-6,-245,0.5,0.25,0,0
Gumayusi,KR,5,0.6,4.3,5.0,2.4,5.2,9.8,450,0.83,24.8,615,0.98,0.35,0.21,0.14,712,14,249,0.6,0.0,0,1
Gury,VN,9,0.778,5.3,3.8,2.2,8.0,7.2,404,0.6809999999999999,18.6,555,1.79,0.44,0.43,0.4,534,6,484,0.444,0.111,0,2
Guti,KR,2,1.0,8.0,4.5,1.5,7.5,9.5,456,0.701,29.9,814,1.16,0.4,0.36,0.08,883,20,18,0.5,0.0,0,0
Guwon,KR,9,0.222,2.3,2.9,3.9,6.2,6.5,356,0.691,16.8,430,1.36,0.24,0.34,0.22,261,6,302,0.111,0.111,0,2
HONOR,FR,6,0.16699999999999998,2.1,0.3,4.3,8.7,1.0,219,0.775,10.3,266,3.31,1.82,0.33,0.49,-99,-2,-13,0.5,0.33299999999999996,0,1
Haetae,KR,11,0.727,3.8,2.1,1.9,5.2,7.4,377,0.488,23.1,585,1.11,0.43,0.19,0.2,82,-2,268,0.0,0.091,0,3
Haichao,CN,7,0.14300000000000002,2.7,2.1,2.3,4.0,8.8,384,0.588,21.2,473,1.01,0.38,0.19,0.22,-115,0,0,0.0,0.0,0,0
HamBak,KR,14,0.28600000000000003,2.2,2.3,4.6,7.6,5.9,331,0.715,15.6,402,1.51,0.38,0.36,0.31,4,-8,-234,0.28600000000000003,0.071,0,0
Hanbyeol,KR,11,0.182,2.0,2.2,3.5,4.9,7.6,359,0.5539999999999999,20.8,568,0.91,0.41,0.11,0.16,-5,4,-75,0.182,0.091,0,2
Hang,CN,7,0.857,4.1,1.1,2.9,10.6,1.0,272,0.648,7.1,183,3.74,1.95,0.43,0.57,155,0,0,0.0,0.0,0,0
Hans SamD,KR,6,0.667,6.7,6.8,2.2,7.7,10.2,500,0.795,35.7,1092,1.12,0.42,0.34,0.07,670,13,629,0.16699999999999998,0.16699999999999998,0,1
Hans Sama,FR,9,0.667,5.1,4.0,2.0,6.1,8.8,433,0.6409999999999999,29.4,756,1.02,0.35,0.3,0.07,170,4,171,0.33299999999999996,0.222,0,2
Harbo,DK,9,0.33299999999999996,1.8,2.8,3.9,4.3,7.7,369,0.601,25.6,624,0.91,0.28,0.23,0.11,-479,-7,-364,0.111,0.444,0,3
Harp,KR,9,0.222,2.9,0.8,3.6,9.6,1.0,239,0.815,6.9,176,3.29,1.71,0.35,0.64,24,-1,-26,0.33299999999999996,0.33299999999999996,0,0
Harpoon,PL,8,0.625,6.5,7.5,2.1,6.4,9.4,480,0.8009999999999999,29.5,839,1.09,0.39,0.31,0.09,453,5,389,0.25,0.0,0,0
Hatsu,PL,5,0.4,2.5,0.6,2.2,5.0,7.8,350,0.46299999999999997,19.8,525,0.87,0.41,0.12,0.08,20,-4,319,0.0,0.0,0,1
Hattor1s,GR,10,0.2,3.5,5.6,3.3,6.0,8.5,413,0.715,30.3,756,0.86,0.34,0.22,0.13,-46,-1,-11,0.2,0.0,0,2
HawHaw,NO,6,0.667,4.9,4.2,2.3,7.3,9.1,444,0.56,27.6,781,0.54,0.29,0.06,0.02,549,16,621,0.33299999999999996,0.16699999999999998,0,2
Hazel,RO,8,0.375,3.8,6.5,3.1,5.5,9.8,456,0.66,29.9,828,0.91,0.33,0.26,0.07,-172,-4,-168,0.125,0.125,0,2
Hena,KR,5,0.2,4.6,2.4,1.4,4.0,9.5,408,0.708,31.7,740,1.05,0.47,0.19,0.12,77,2,286,0.0,0.0,0,0
Heng,CN,8,0.25,3.0,2.8,2.9,5.8,6.6,355,0.7190000000000001,18.8,472,1.3,0.36,0.28,0.29,178,0,0,0.0,0.0,0,0
Heprex,RS,3,0.0,0.4,0.7,1.7,0.0,7.1,316,0.16699999999999998,15.2,289,0.43,0.22,0.06,0.04,-797,-10,-307,0.0,0.0,0,0
Hery,CN,8,0.25,2.2,2.0,3.0,4.6,7.3,353,0.608,21.5,510,0.81,0.34,0.12,0.12,-132,0,0,0.0,0.0,0,0
Hidan,BR,4,0.0,1.1,1.5,3.8,2.5,7.8,341,0.516,24.3,443,1.0,0.43,0.14,0.18,-607,-10,-320,0.0,0.0,0,0
Highway,PL,8,0.125,1.5,0.5,4.4,5.9,1.1,231,0.635,8.5,192,2.95,1.44,0.35,0.22,-312,-3,-26,0.125,0.125,0,0
Hiro02,VN,6,0.5,3.3,1.7,2.7,7.2,7.0,354,0.434,16.8,468,1.33,0.39,0.36,0.25,-329,-7,-385,0.0,0.0,0,3
Hiro1,FR,4,0.0,0.8,1.8,4.5,2.0,7.7,346,0.644,20.4,427,0.93,0.45,0.14,0.16,-613,-15,-106,0.0,0.5,0,1
Hizto,VN,8,0.5,3.6,3.9,3.0,7.0,6.5,368,0.6609999999999999,17.1,474,1.51,0.37,0.31,0.36,161,6,452,0.5,0.0,0,2
HongQ,TW,10,0.8,4.8,3.5,2.2,7.0,9.0,443,0.701,28.7,806,1.31,0.52,0.22,0.27,-112,2,-30,0.1,0.0,0,3
Hope,CN,7,0.857,12.0,6.9,1.4,10.3,9.4,486,0.76,32.0,947,1.08,0.46,0.3,0.15,141,0,0,0.0,0.0,0,0
Howling,KR,6,0.667,6.4,4.3,1.8,7.3,7.4,389,0.634,21.8,675,1.02,0.35,0.19,0.09,13,-4,-353,0.16699999999999998,0.33299999999999996,0,1
Hoya,KR,8,0.75,3.7,2.4,2.9,8.1,6.7,360,0.616,17.4,479,1.14,0.51,0.16,0.27,-466,0,0,0.0,0.0,0,0
Huhi,KR,5,0.2,2.2,1.0,2.8,5.2,1.3,245,0.66,7.6,194,3.75,1.83,0.48,0.49,106,2,6,0.4,0.0,0,0
Humanoid,CZ,9,0.889,8.9,4.3,1.2,6.6,9.4,459,0.5920000000000001,28.6,866,0.91,0.36,0.2,0.08,407,10,447,0.0,0.111,0,1
Humzh,US,7,0.5710000000000001,2.7,3.9,3.1,4.7,8.6,424,0.547,23.5,610,0.9,0.28,0.31,0.07,-106,3,-32,0.28600000000000003,0.0,0,0
HungryPanda,GR,5,0.6,3.4,1.6,3.8,11.2,1.0,271,0.8009999999999999,9.6,220,3.51,1.91,0.37,0.54,58,4,39,0.4,0.2,0,0
Hustlin,SE,7,0.5710000000000001,2.3,0.7,4.6,9.7,1.0,248,0.6859999999999999,7.3,194,3.07,1.46,0.33,0.45,-140,-2,-309,0.28600000000000003,0.14300000000000002,0,0
Hybradge,IE,9,0.33299999999999996,2.1,2.7,4.0,5.9,6.5,353,0.7120000000000001,16.6,405,1.13,0.3,0.21,0.27,-54,1,-139,0.222,0.111,0,0
Hydra,ES,10,0.6,5.2,5.1,2.2,6.4,9.0,437,0.6920000000000001,26.4,733,0.95,0.5,0.13,0.2,233,4,237,0.1,0.1,0,2
Hylissang,BG,9,0.556,2.6,1.4,4.7,10.7,1.0,264,0.831,6.4,171,3.28,1.69,0.39,0.45,189,3,389,0.556,0.222,0,0
Hyorai,FR,4,0.25,2.9,1.0,4.8,12.8,0.8,246,0.856,9.4,256,2.94,1.45,0.32,0.33,-85,-7,242,0.5,0.25,0,0
Hype,KR,12,0.33299999999999996,5.8,4.3,1.8,5.9,9.2,426,0.757,30.5,725,1.31,0.45,0.35,0.18,-95,-4,194,0.41700000000000004,0.0,0,0
Ice,KR,9,0.444,5.2,3.7,1.9,6.2,10.1,446,0.695,27.2,741,1.27,0.42,0.38,0.13,-324,2,129,0.111,0.111,0,1
Ihy0,FR,8,0.375,3.3,3.3,2.6,5.5,6.9,349,0.5720000000000001,20.5,495,0.69,0.35,0.13,0.07,198,0,227,0.125,0.0,0,2
IlllIma,KR,8,0.125,1.3,2.1,4.5,3.5,7.3,348,0.535,21.3,519,0.8,0.27,0.19,0.09,-325,-13,-615,0.0,0.0,0,3
Ilyxou,FR,7,0.5710000000000001,3.2,1.1,3.0,8.6,6.6,341,0.657,19.0,473,0.58,0.27,0.07,0.08,94,0,229,0.28600000000000003,0.14300000000000002,0,2
Impact,KR,5,0.6,2.8,2.8,3.6,7.2,7.0,377,0.524,19.6,672,0.97,0.32,0.18,0.15,766,18,985,0.0,0.0,0,0
Improver,MA,8,0.375,2.0,2.4,3.9,5.4,7.6,365,0.5479999999999999,21.7,537,0.74,0.27,0.17,0.11,-265,-6,-376,0.125,0.125,0,0
Infinity,ES,9,0.111,2.9,2.9,2.4,4.2,5.9,333,0.7390000000000001,13.7,338,1.15,0.24,0.3,0.2,-287,-5,-406,0.444,0.0,0,1
Infoneral,BG,8,0.625,3.2,0.9,3.1,9.1,1.1,254,0.65,7.4,224,3.39,1.62,0.43,0.34,-156,-1,-117,0.0,0.125,0,0
Innaxe,GB,9,0.556,4.3,7.1,3.1,6.3,9.0,461,0.762,26.4,769,1.08,0.37,0.3,0.05,-3,8,202,0.444,0.0,0,1
Inspired,PL,5,0.6,4.8,1.2,2.2,9.4,6.3,351,0.775,12.8,322,1.17,0.28,0.24,0.12,-2,-2,-99,0.2,0.2,0,0
Inzuh,IT,7,0.5710000000000001,4.2,3.9,2.0,4.6,8.1,405,0.561,27.9,673,0.59,0.28,0.1,0.07,-89,3,-72,0.14300000000000002,0.14300000000000002,0,1
Irrelevant,DE,9,0.444,2.8,2.2,2.8,5.7,7.1,351,0.536,17.7,484,1.18,0.49,0.19,0.23,-85,-6,-90,0.222,0.111,0,4
Isles,AU,5,0.4,2.8,0.2,3.4,9.4,1.2,245,0.794,8.3,226,3.49,1.71,0.54,0.32,-250,1,126,0.2,0.0,0,0
Isma,FR,9,0.111,1.8,2.6,3.2,3.1,6.2,338,0.909,18.2,367,1.36,0.32,0.31,0.25,-8,-4,-331,0.444,0.0,0,1
Ivok,CY,8,0.0,1.7,3.0,3.4,2.8,8.4,389,0.588,25.8,634,0.8,0.36,0.14,0.07,-308,-2,-51,0.125,0.0,0,4
Ivory,KR,8,0.75,4.3,4.6,2.6,6.6,8.5,422,0.5920000000000001,30.9,889,0.93,0.32,0.19,0.12,206,3,256,0.125,0.0,0,4
J0J0C,GR,5,0.8,4.5,5.0,2.8,7.6,8.3,435,0.557,24.5,672,0.77,0.35,0.12,0.05,-195,-9,-270,0.4,0.0,0,0
JNX,DE,9,0.111,1.0,0.9,3.2,2.3,7.7,354,0.424,19.8,405,0.93,0.41,0.14,0.1,87,9,88,0.0,0.33299999999999996,0,0
JackeyLove,CN,7,0.5710000000000001,4.4,3.7,2.6,7.7,9.4,435,0.747,26.6,727,1.51,0.34,0.52,0.12,120,0,0,0.0,0.0,0,0
Jackies,CZ,9,0.556,3.0,3.9,3.1,5.3,9.0,426,0.611,28.8,802,1.09,0.39,0.26,0.17,96,3,66,0.111,0.111,0,1
Jaehyuk,KR,13,0.231,1.7,2.1,3.0,3.1,7.1,331,0.48,18.0,405,0.99,0.52,0.12,0.21,-251,-8,-196,0.154,0.077,0,3
Janis,FR,6,0.16699999999999998,2.1,1.5,4.0,6.8,5.8,325,0.897,20.5,470,1.22,0.28,0.36,0.25,-357,-3,13,0.33299999999999996,0.0,0,0
Jankos,PL,7,0.5710000000000001,4.8,2.7,2.4,9.0,6.5,366,0.765,15.0,404,1.35,0.3,0.27,0.18,599,13,580,0.429,0.14300000000000002,0,1
JayJay,PL,1,0.0,4.0,1.0,1.0,3.0,7.7,305,0.667,28.7,463,0.57,0.39,0.04,0.13,-1723,-40,-627,0.0,0.0,0,0
Jeykup,TR,7,0.5710000000000001,4.2,2.4,2.4,7.7,7.0,381,0.614,16.7,386,1.18,0.23,0.24,0.21,522,3,137,0.28600000000000003,0.0,0,0
Jezu,FR,7,0.5710000000000001,4.2,4.0,2.3,5.6,9.7,438,0.628,28.4,759,1.36,0.5,0.35,0.2,-54,4,135,0.28600000000000003,0.0,0,1
JiaQi,CN,8,0.5,3.7,4.4,2.5,4.9,8.8,425,0.7140000000000001,29.8,640,1.19,0.45,0.3,0.18,36,0,0,0.0,0.0,0,0
Jiejie,CN,8,0.5,3.9,4.0,2.6,6.3,6.9,381,0.746,19.0,512,1.53,0.33,0.41,0.28,-254,0,0,0.0,0.0,0,0
JimieN,TW,9,0.111,1.5,2.1,4.3,4.2,8.2,370,0.575,29.0,655,1.11,0.38,0.27,0.18,-716,-16,-293,0.222,0.111,0,1
Jimsnop,GR,2,0.5,3.8,7.0,4.0,8.0,7.7,425,0.59,20.7,643,0.63,0.29,0.13,0.04,80,-2,-444,0.0,0.5,0,0
Jiwoo,KR,13,0.5379999999999999,4.5,4.2,2.2,5.5,8.9,434,0.7190000000000001,27.6,684,1.03,0.44,0.28,0.19,-49,-4,156,0.462,0.0,0,3
JoJo,BR,5,0.6,4.2,0.6,2.2,8.6,1.2,260,0.667,7.4,176,3.49,1.54,0.44,0.47,16,4,-61,0.2,0.0,0,0
Joexy,TR,8,0.125,1.8,0.3,4.1,7.1,1.0,226,0.774,8.8,208,3.37,1.7,0.4,0.49,-406,1,164,0.375,0.125,0,0
Joinze,FR,8,0.625,3.4,3.8,3.6,8.6,6.0,357,0.6809999999999999,15.4,432,1.09,0.21,0.25,0.19,202,2,305,0.5,0.0,0,0
Jool,KR,8,0.5,4.7,4.8,2.9,8.6,7.9,425,0.665,23.1,660,1.18,0.44,0.24,0.2,73,-10,-55,0.5,0.0,0,1
Jopa,HR,6,0.667,4.2,5.5,3.2,7.7,8.7,429,0.7040000000000001,27.2,794,0.88,0.41,0.17,0.14,-789,-3,0,0.5,0.0,0,0
Josedeodo,AR,7,0.7140000000000001,4.6,3.3,2.1,6.6,7.0,379,0.601,18.8,563,1.52,0.33,0.36,0.27,122,13,356,0.28600000000000003,0.0,0,2
Juhan,KR,11,0.909,7.3,3.7,1.7,8.9,7.0,395,0.708,17.0,481,1.64,0.43,0.36,0.34,85,-2,67,0.182,0.273,0,1
Jun,KR,9,0.556,4.0,0.9,3.1,11.4,1.0,253,0.8390000000000001,7.2,199,3.59,1.85,0.41,0.47,-102,-3,-71,0.444,0.111,0,0
JunJia,TW,10,0.8,6.9,3.7,1.5,6.7,6.9,395,0.713,18.1,508,1.47,0.35,0.32,0.29,238,-1,37,0.3,0.1,0,0
Junhao,CN,7,0.14300000000000002,2.1,3.0,3.4,4.1,6.8,354,0.691,18.8,397,1.47,0.37,0.3,0.29,-224,0,0,0.0,0.0,0,0
Jwei,CN,4,0.25,1.8,0.5,4.5,7.5,1.2,234,0.7659999999999999,8.3,163,3.47,1.85,0.41,0.53,16,0,0,0.0,0.0,0,0
KKT,FR,8,0.375,2.6,2.0,3.6,7.3,5.7,328,0.672,13.5,335,1.26,0.36,0.18,0.31,-320,-5,-154,0.5,0.0,0,2
KaSing,GB,9,0.556,5.1,0.6,3.2,15.8,1.1,257,0.79,7.0,216,3.31,1.64,0.39,0.42,18,5,217,0.444,0.222,0,0
Kaba,GR,3,0.33299999999999996,2.8,5.7,4.7,7.3,9.0,445,0.6559999999999999,27.4,792,0.79,0.31,0.22,0.01,-286,-12,-570,0.0,0.0,0,3
Kaboom,TR,1,1.0,12.0,7.0,1.0,5.0,8.4,450,0.632,20.9,449,0.99,0.34,0.11,0.42,986,39,1220,0.0,0.0,0,0
Kackos,PL,7,0.857,7.8,2.6,1.3,7.4,7.4,375,0.581,21.0,596,0.77,0.41,0.11,0.07,-307,-12,-805,0.28600000000000003,0.0,0,1
Kael,KR,7,0.857,4.1,0.7,4.0,15.7,1.1,268,0.731,6.8,194,3.84,1.98,0.51,0.66,-43,0,0,0.0,0.0,0,0
Kaiser,DE,10,0.8,4.8,0.7,2.4,10.8,1.1,266,0.7390000000000001,6.6,183,3.48,1.85,0.42,0.46,94,2,-37,0.4,0.0,0,0
Kaiwing,HK,10,0.8,5.5,0.3,2.1,11.2,1.1,264,0.758,5.8,162,3.34,1.58,0.42,0.4,-19,1,315,0.5,0.2,0,0
Kakkun,JP,6,0.0,1.2,1.0,4.8,4.8,8.3,353,0.72,22.5,551,0.87,0.29,0.23,0.08,-588,-8,-55,0.16699999999999998,0.0,0,0
Kamiloo,FR,9,0.33299999999999996,1.4,3.2,4.6,3.2,8.1,374,0.609,30.0,713,1.25,0.5,0.27,0.25,-807,-10,-403,0.111,0.111,0,2
Kanavi,KR,7,0.5710000000000001,2.9,4.3,3.9,6.9,6.8,389,0.7390000000000001,18.0,486,1.52,0.33,0.32,0.26,535,0,0,0.0,0.0,0,0
Kangin,KR,10,0.2,1.7,3.0,4.6,5.0,7.5,366,0.618,23.4,597,0.82,0.32,0.16,0.14,-402,-7,-409,0.4,0.0,0,2
Kanin,SE,6,0.33299999999999996,2.4,3.7,3.7,5.0,8.4,413,0.5710000000000001,25.2,719,0.69,0.26,0.12,0.12,-510,-5,-270,0.0,0.33299999999999996,0,3
Kaori,TR,5,0.4,1.8,3.2,4.0,3.8,9.1,420,0.7440000000000001,24.3,569,0.82,0.39,0.17,0.12,-556,-8,-536,0.0,0.0,0,1
Karis,KR,6,0.0,2.0,4.2,3.2,2.2,7.8,372,0.715,27.4,610,0.9,0.33,0.14,0.2,-347,0,0,0.0,0.0,0,0
Karsa,TW,8,1.0,4.5,3.1,2.5,8.0,6.3,375,0.636,13.1,381,1.65,0.45,0.35,0.35,-286,-2,-293,0.375,0.125,0,2
KatEvolved,CA,6,0.5,2.9,3.5,4.2,8.7,7.5,390,0.738,27.0,744,0.91,0.36,0.14,0.12,-718,-22,-795,0.33299999999999996,0.0,0,2
Kati,VN,9,0.778,8.4,4.2,1.4,7.9,8.4,426,0.695,27.7,821,1.25,0.51,0.26,0.19,514,10,280,0.222,0.0,0,3
Kaymin,DE,9,0.556,4.0,6.0,3.7,8.7,7.4,402,0.6970000000000001,26.5,787,0.83,0.43,0.1,0.16,-36,-6,-60,0.444,0.222,0,5
Keduii,DE,6,0.833,7.1,7.0,2.0,7.2,9.7,476,0.737,30.9,885,1.17,0.44,0.34,0.11,-23,-1,280,0.33299999999999996,0.0,0,0
Keine,KR,5,0.4,4.6,4.0,2.2,6.2,8.8,401,0.746,26.7,734,0.88,0.35,0.19,0.19,247,6,247,0.0,0.2,0,1
Kellin,KR,13,0.231,1.9,0.6,4.2,7.4,0.9,231,0.7440000000000001,9.3,236,3.14,1.8,0.31,0.57,-212,-2,-287,0.154,0.154,0,0
Kemish,KR,11,0.182,2.4,2.7,3.5,5.7,7.6,363,0.732,27.0,723,1.13,0.33,0.26,0.22,-351,-7,35,0.273,0.0,0,3
Kensei,IT,7,0.14300000000000002,1.3,1.1,4.3,4.3,4.8,298,0.807,14.7,266,1.19,0.32,0.26,0.26,-1078,-33,-1486,0.14300000000000002,0.14300000000000002,0,0
Keria,KR,13,0.6920000000000001,4.5,1.1,2.7,11.2,1.0,266,0.843,9.4,241,3.59,2.07,0.34,0.61,352,-4,94,0.846,0.0,0,1
Kiaya,VN,10,0.5,3.5,2.4,2.4,6.0,8.0,395,0.55,23.9,597,1.07,0.49,0.15,0.18,99,-1,-187,0.2,0.2,0,5
Kice,KR,11,0.182,2.3,0.4,3.6,7.8,1.0,233,0.7659999999999999,6.8,166,3.61,1.87,0.47,0.55,-170,-5,-419,0.455,0.091,0,0
Kiin,KR,11,0.636,3.6,3.5,2.7,6.3,7.7,402,0.647,21.7,662,1.16,0.4,0.24,0.19,414,8,448,0.091,0.182,0,1
Kiki,FR,6,0.33299999999999996,2.8,2.0,3.8,8.8,5.6,342,0.732,10.8,281,1.27,0.25,0.33,0.21,-96,0,62,0.16699999999999998,0.0,0,0
Kikis,PL,7,0.857,7.4,3.1,1.6,8.4,7.3,387,0.762,15.5,433,1.26,0.17,0.3,0.11,495,18,949,0.5710000000000001,0.0,0,1
Kio,SK,10,0.8,5.4,3.5,2.4,9.4,7.9,415,0.609,22.2,685,0.93,0.5,0.13,0.19,710,22,1068,0.2,0.0,0,5
Kireas,TR,1,1.0,0.0,1.0,0.0,15.0,5.7,341,0.727,14.1,415,1.36,0.26,0.39,0.26,104,-1,-475,0.0,0.0,0,0
Kisee,AU,6,0.33299999999999996,2.8,2.5,2.7,4.8,8.9,406,0.647,24.2,653,1.22,0.39,0.32,0.19,-318,-4,-351,0.0,0.0,0,2
Knight,CN,6,1.0,10.1,5.8,1.2,6.0,9.2,464,0.655,28.4,769,1.26,0.32,0.31,0.15,-70,0,0,0.0,0.0,0,0
Kodie,nan,3,0.0,0.3,0.0,5.3,1.7,1.4,219,0.25,11.6,164,2.46,1.27,0.22,0.2,-887,1,-288,0.33299999999999996,0.33299999999999996,0,0
Kofte,TR,8,0.375,2.4,2.8,3.0,4.5,8.6,386,0.575,26.4,572,0.87,0.43,0.14,0.16,-629,-8,-392,0.25,0.0,0,1
Kokos,PL,10,0.4,3.1,4.3,3.9,7.6,6.5,367,0.672,19.0,552,1.04,0.2,0.17,0.17,197,8,134,0.2,0.1,0,1
Koldo,ES,10,0.4,3.2,2.4,3.1,7.5,5.9,332,0.7120000000000001,14.1,336,1.47,0.38,0.37,0.28,-224,-3,-239,0.2,0.0,0,1
Kozi,PL,6,0.5,3.5,3.0,2.2,4.5,7.7,394,0.47200000000000003,21.3,629,0.91,0.49,0.11,0.19,696,3,642,0.16699999999999998,0.16699999999999998,0,2
Kratos,VN,9,0.778,3.3,1.9,2.2,5.4,7.8,381,0.396,18.2,533,1.01,0.36,0.19,0.19,289,9,-14,0.0,0.111,0,4
Krimson,FR,8,0.375,3.1,3.5,3.6,7.6,6.0,353,0.6859999999999999,16.7,401,1.18,0.27,0.28,0.2,445,-1,-12,0.375,0.0,0,0
Kryze,SE,7,0.5710000000000001,4.0,2.7,2.6,7.6,7.8,388,0.6559999999999999,24.9,634,1.07,0.4,0.23,0.12,590,29,900,0.5710000000000001,0.14300000000000002,0,2
Kuri,KR,6,0.5,3.7,0.5,3.5,12.3,1.1,249,0.8390000000000001,7.2,202,3.78,2.05,0.34,0.5,-8,0,-67,0.33299999999999996,0.0,0,1
Kuroneel,FR,8,0.875,5.9,5.8,2.1,6.8,9.2,474,0.606,27.8,825,0.65,0.26,0.13,0.04,-122,1,-155,0.375,0.0,0,5
Kyeahoo,KR,11,0.909,14.2,4.9,1.0,9.3,8.7,442,0.754,31.0,875,1.03,0.41,0.18,0.19,208,7,188,0.182,0.0,0,4
Labrov,GR,9,0.667,3.5,1.2,3.3,10.3,0.9,261,0.7090000000000001,6.7,168,3.43,1.57,0.43,0.42,-15,-2,-65,0.33299999999999996,0.222,0,1
Lancer,KR,12,0.75,4.5,4.1,2.5,7.3,8.2,423,0.522,21.2,656,1.15,0.46,0.17,0.26,512,8,479,0.083,0.16699999999999998,0,6
Larssen,SE,9,0.111,2.2,2.0,2.8,4.2,8.5,373,0.5870000000000001,27.6,554,0.81,0.36,0.14,0.11,-16,-2,40,0.111,0.0,0,0
Lauxio,SI,3,1.0,9.2,0.3,1.7,15.0,1.1,267,0.6559999999999999,6.8,199,2.72,1.39,0.23,0.48,123,3,521,0.0,0.0,0,0
LazyFeel,VN,18,0.667,4.2,4.2,2.4,5.9,9.1,431,0.7140000000000001,25.4,656,1.06,0.37,0.31,0.1,-308,-4,-170,0.222,0.222,0,0
LeB,BG,5,0.8,6.1,1.6,1.4,7.0,6.8,367,0.6659999999999999,16.6,441,1.39,0.21,0.37,0.17,-74,2,177,0.8,0.0,0,0
Leave,CN,4,0.75,3.8,6.3,3.0,5.3,9.1,454,0.698,28.2,713,1.26,0.35,0.37,0.1,373,0,0,0.0,0.0,0,0
Legolas,ES,10,0.4,3.1,4.6,2.7,3.7,9.3,437,0.607,27.5,704,0.91,0.31,0.24,0.1,276,1,164,0.3,0.0,0,1
Lehends,KR,13,0.5379999999999999,2.6,2.0,3.8,7.8,1.1,257,0.713,8.1,207,3.45,1.99,0.34,0.63,-36,3,156,0.6920000000000001,0.077,0,1
Lekcyc,RU,8,0.625,6.7,0.9,2.0,12.5,1.2,264,0.7759999999999999,6.6,174,3.49,1.58,0.51,0.4,305,3,312,0.375,0.0,0,1
Leks,TR,8,0.25,2.0,3.4,3.5,3.8,7.7,378,0.622,23.3,516,0.73,0.37,0.08,0.13,-111,4,88,0.0,0.375,0,1
Lele,CN,8,0.5,2.4,0.8,4.0,9.0,1.0,238,0.733,7.2,157,3.42,1.81,0.39,0.57,-26,0,0,0.0,0.0,0,0
Lens,TR,3,0.667,6.5,8.0,2.0,5.0,9.4,494,0.736,26.5,714,0.65,0.26,0.21,0.06,261,-4,292,0.0,0.0,0,2
Leny,FR,8,0.25,1.7,1.5,3.6,4.5,7.4,358,0.524,18.6,458,0.82,0.42,0.08,0.07,248,-2,214,0.0,0.25,0,3
Leo D Aras,GR,7,0.0,1.4,0.7,5.0,6.3,1.0,230,0.589,8.7,221,2.68,1.32,0.29,0.26,-536,3,-68,0.28600000000000003,0.14300000000000002,0,0
LeoLeCargo,FR,9,0.33299999999999996,1.8,0.7,5.3,9.1,0.9,242,0.8390000000000001,8.0,193,2.89,1.49,0.21,0.47,-243,-2,-326,0.222,0.111,0,0
Leon,DE,8,0.625,2.9,0.6,4.6,12.8,1.0,261,0.748,6.6,181,3.27,1.75,0.34,0.47,-44,1,-109,0.375,0.125,0,0
Levi,VN,10,0.5,4.6,3.3,2.5,8.2,6.9,381,0.773,20.2,491,1.4,0.3,0.32,0.25,27,8,521,0.3,0.0,0,2
Levy,KR,6,0.0,1.1,2.7,4.5,2.3,8.6,378,0.5660000000000001,23.7,512,1.24,0.45,0.29,0.18,-184,-8,-162,0.16699999999999998,0.33299999999999996,0,0
Licorice,CA,5,0.2,1.6,1.6,3.0,3.2,7.2,349,0.515,20.6,474,0.86,0.36,0.15,0.1,-254,-16,-222,0.2,0.0,0,1
Lider,NO,6,0.667,2.5,4.2,4.3,6.8,8.8,449,0.6859999999999999,27.4,776,0.77,0.32,0.17,0.06,560,18,373,0.16699999999999998,0.0,0,2
Life,KR,15,0.267,2.4,0.5,3.5,8.0,1.0,233,0.78,8.0,196,3.43,1.85,0.41,0.52,-16,1,-107,0.33299999999999996,0.0,0,0
Light,CN,7,0.857,6.5,5.0,1.7,6.1,9.4,472,0.627,28.4,739,1.27,0.36,0.41,0.09,610,0,0,0.0,0.0,0,0
Lilipp,DE,6,0.667,2.8,3.2,5.0,11.0,1.2,298,0.688,12.6,422,3.59,1.56,0.5,0.46,389,-4,286,0.33299999999999996,0.16699999999999998,0,2
Limit,HR,5,0.8,4.5,0.6,2.4,10.2,1.0,263,0.8240000000000001,5.6,150,3.63,1.79,0.39,0.45,-211,2,14,0.2,0.0,0,0
Lindgarde,SE,10,0.5,4.0,3.5,2.7,7.3,9.0,427,0.752,29.5,844,0.63,0.27,0.17,0.02,-150,6,10,0.5,0.2,0,1
Linfeng,CN,8,0.25,2.2,3.0,3.4,4.5,7.7,370,0.583,24.5,581,0.88,0.44,0.12,0.17,-441,0,0,0.0,0.0,0,0
Lira,nan,2,0.0,2.4,0.5,2.5,5.5,5.9,303,0.75,11.6,318,1.62,0.58,0.33,0.53,-520,-11,-536,0.5,0.0,0,0
Lixo,ME,3,0.0,2.5,0.3,0.7,1.3,9.6,362,0.45,28.4,517,0.53,0.37,0.06,0.09,-658,-4,-385,0.0,0.0,0,0
Loading,TR,10,0.8,4.2,1.8,2.4,8.2,5.6,320,0.5579999999999999,17.8,520,0.72,0.32,0.08,0.11,-553,-12,-472,0.1,0.1,0,2
Lofti,SE,6,0.33299999999999996,2.6,3.5,3.2,4.8,7.6,374,0.5670000000000001,25.8,701,0.81,0.4,0.12,0.15,-184,-2,125,0.0,0.0,0,0
Loki,KR,6,0.667,3.5,4.7,2.7,4.7,8.5,437,0.609,23.1,547,1.16,0.44,0.19,0.23,93,-3,175,0.33299999999999996,0.0,0,0
Lonely,KR,11,0.182,1.2,1.5,4.2,3.3,7.3,340,0.42100000000000004,20.7,488,1.0,0.45,0.17,0.19,-486,-6,-267,0.0,0.091,0,4
Loopy,KR,9,0.111,1.3,0.1,4.0,5.1,1.0,230,0.743,8.2,170,3.33,1.63,0.39,0.54,-146,1,-15,0.444,0.111,0,0
Lospa,KR,10,0.7,3.7,0.5,3.1,10.9,1.0,263,0.698,6.8,180,3.49,1.96,0.38,0.53,248,1,258,0.5,0.2,0,0
Lot,TR,9,0.556,3.5,2.9,2.4,5.7,7.4,370,0.512,18.1,529,0.98,0.28,0.22,0.12,47,-1,-126,0.0,0.111,0,2
Lothen,PL,4,1.0,12.8,8.3,1.5,11.0,9.3,490,0.759,29.9,981,0.86,0.27,0.28,0.05,641,7,109,0.75,0.0,0,2
Lucid,KR,14,0.7140000000000001,6.1,3.6,1.9,7.7,6.6,376,0.728,15.9,440,1.54,0.35,0.35,0.33,412,9,384,0.214,0.071,0,0
Lucker,PL,4,0.0,1.5,2.0,3.8,3.5,7.9,360,0.828,31.2,662,0.7,0.28,0.19,0.0,-288,0,100,0.0,0.5,0,0
Lucy,KR,10,0.2,2.3,3.2,3.3,4.4,8.3,389,0.629,28.4,714,1.05,0.36,0.27,0.13,-181,-5,-379,0.4,0.0,0,2
Lulas,PT,9,0.556,4.3,2.3,2.9,10.1,5.3,330,0.606,12.8,377,1.12,0.22,0.25,0.16,-878,-11,-714,0.111,0.0,0,2
Luon,KR,9,0.111,1.8,0.2,4.0,6.9,1.1,228,0.597,8.4,185,2.98,1.59,0.3,0.46,-321,4,47,0.222,0.0,0,0
Lurox,DE,6,0.667,3.8,2.0,3.5,11.3,5.6,340,0.738,18.2,536,1.49,0.29,0.37,0.27,-200,0,-143,0.5,0.16699999999999998,0,0
Lyncas,LT,9,0.556,5.8,2.1,1.9,8.8,5.5,332,0.752,14.9,395,1.43,0.36,0.33,0.28,-270,-17,-624,0.444,0.0,0,2
Lyonz,AR,5,0.2,2.5,0.8,2.6,5.6,1.2,227,0.675,7.3,181,3.47,1.8,0.43,0.45,14,4,-268,0.2,0.2,0,0
MAT,FR,8,0.125,1.3,0.6,3.6,4.0,6.2,298,0.457,14.9,334,0.72,0.37,0.07,0.13,-742,-20,-854,0.125,0.0,0,0
Macaquino,ES,9,0.111,2.7,2.0,2.8,5.6,8.0,365,0.7809999999999999,31.8,766,0.9,0.39,0.15,0.15,-339,-15,-254,0.222,0.0,0,1
Mafro,HR,6,1.0,7.1,2.5,1.8,10.5,6.5,395,0.741,15.6,461,0.84,0.15,0.17,0.1,470,6,345,0.5,0.0,0,0
Malrang,KR,9,0.111,3.2,2.3,2.7,6.1,5.2,307,0.818,16.5,340,1.44,0.3,0.35,0.25,-181,-6,-267,0.444,0.111,0,0
Manaty,FR,10,0.8,5.0,4.3,3.4,12.6,6.4,398,0.7609999999999999,17.3,521,1.28,0.31,0.22,0.31,217,10,542,0.3,0.1,1,1
Marble,JP,9,0.111,2.8,3.0,2.3,3.6,9.1,401,0.755,33.5,753,1.08,0.45,0.23,0.15,-170,3,358,0.222,0.111,0,2
Markoon,NL,7,0.5710000000000001,5.7,1.7,2.0,9.7,5.9,338,0.784,14.0,359,1.12,0.24,0.24,0.2,-120,-4,-80,0.429,0.0,0,0
Marky,ES,10,0.6,2.8,3.2,3.1,5.6,7.7,391,0.557,23.4,631,0.95,0.39,0.11,0.19,-54,-1,-198,0.2,0.2,0,2
MarrowOoze,RS,3,1.0,7.3,8.0,2.3,9.0,7.6,463,0.705,29.1,866,0.67,0.33,0.1,0.01,631,3,459,0.0,0.33299999999999996,0,2
Marth,AT,7,0.5710000000000001,4.7,5.3,2.3,5.4,9.3,451,0.573,28.7,739,0.71,0.32,0.16,0.07,-119,-1,556,0.28600000000000003,0.0,0,1
Marvin,BR,4,0.0,3.0,3.5,2.0,2.5,8.7,392,0.743,26.7,521,0.91,0.43,0.23,0.22,-1072,-18,-724,0.25,0.0,0,1
Massu,CA,5,0.6,4.3,4.8,2.2,4.6,8.7,426,0.6940000000000001,23.5,598,0.91,0.33,0.23,0.09,393,0,457,0.0,0.0,0,1
MathisV,FR,8,0.375,3.7,3.6,3.0,7.4,7.8,391,0.598,25.9,740,1.01,0.41,0.19,0.24,-603,-10,-255,0.0,0.125,0,1
Matias,FR,6,0.16699999999999998,2.3,2.8,3.7,5.5,8.3,380,0.7040000000000001,19.6,539,1.28,0.38,0.39,0.14,-782,-11,-444,0.5,0.0,0,0
Matislaw,PL,5,0.4,3.2,2.6,2.6,5.6,8.9,411,0.626,30.6,787,0.94,0.33,0.17,0.12,13,1,481,0.2,0.0,0,1
MattyNarcy,nan,7,0.5710000000000001,2.9,0.9,3.6,9.4,1.0,256,0.7290000000000001,9.1,213,2.85,1.52,0.23,0.41,-12,3,367,0.28600000000000003,0.0,0,1
Mauki,AT,6,0.33299999999999996,4.5,4.0,2.3,6.5,8.8,431,0.746,29.6,787,1.1,0.39,0.23,0.05,168,3,238,0.16699999999999998,0.16699999999999998,0,0
Maxi,DK,1,1.0,7.5,4.0,2.0,11.0,6.7,386,0.6,28.6,1067,0.76,0.4,0.08,0.03,10,-32,-1181,1.0,0.0,0,1
Maynter,UA,9,0.556,4.2,3.6,2.2,5.7,7.3,385,0.54,22.3,636,0.98,0.31,0.17,0.14,290,4,179,0.0,0.0,0,1
MeLoNiK,PL,8,0.25,2.2,4.0,4.1,5.0,7.7,394,0.58,30.3,874,0.78,0.38,0.09,0.06,173,9,174,0.0,0.375,0,2
Mentos,GR,10,0.6,3.8,3.2,2.9,7.9,7.1,371,0.48700000000000004,20.5,539,0.81,0.26,0.2,0.1,-62,-2,-57,0.0,0.3,0,2
Mercy9,TR,8,0.5,4.0,3.9,2.6,6.8,8.8,407,0.6679999999999999,26.7,643,0.9,0.26,0.26,0.12,-304,-3,-302,0.0,0.0,0,5
Mersa,GR,7,0.5710000000000001,3.6,1.0,3.4,11.3,0.9,250,0.7879999999999999,6.2,167,3.55,2.06,0.37,0.53,190,0,-112,0.28600000000000003,0.0,0,0
Mietek,PL,9,0.556,3.7,4.2,3.2,7.7,7.6,397,0.5670000000000001,25.0,746,0.63,0.27,0.09,0.05,-372,-3,21,0.0,0.0,0,3
Mihile,KR,8,0.5,2.1,2.6,2.8,3.1,8.9,405,0.434,21.1,533,1.0,0.37,0.18,0.17,499,19,846,0.0,0.25,0,3
Mikyx,SI,9,0.889,4.4,0.8,3.3,13.8,1.0,276,0.8170000000000001,8.1,243,3.73,1.86,0.45,0.46,-1,0,55,0.33299999999999996,0.111,0,0
Milan,JP,3,0.667,5.2,3.3,3.3,14.0,8.4,428,0.752,30.1,794,1.29,0.41,0.41,0.1,217,3,281,0.0,0.33299999999999996,0,0
Miniduke,ES,10,0.7,2.7,4.1,3.4,5.2,8.5,424,0.5529999999999999,25.9,679,1.06,0.32,0.29,0.13,98,-2,312,0.3,0.0,0,6
Minous,KR,1,0.0,3.2,1.0,6.0,18.0,0.8,248,0.792,5.9,247,3.45,1.54,0.43,0.43,703,-4,195,1.0,0.0,0,0
Mir,KR,9,0.111,2.0,2.6,3.7,4.9,6.5,351,0.7440000000000001,14.3,328,1.48,0.4,0.35,0.34,-391,-9,-640,0.33299999999999996,0.222,0,0
Mireu,KR,7,0.7140000000000001,3.6,4.4,2.9,5.9,8.6,432,0.588,27.5,832,0.87,0.24,0.22,0.15,77,13,145,0.28600000000000003,0.0,0,2
Mis,PL,8,0.25,2.1,2.6,3.5,4.8,9.6,422,0.636,30.8,719,0.76,0.24,0.24,0.02,-661,2,-98,0.125,0.0,0,0
Mishi,SE,8,0.5,4.2,4.6,2.5,5.9,9.2,434,0.605,24.4,710,1.07,0.33,0.31,0.12,192,7,486,0.25,0.0,0,0
Missing,CN,8,0.75,3.0,0.6,3.5,9.9,1.1,261,0.6629999999999999,6.5,197,3.45,2.05,0.37,0.56,-4,0,0,0.0,0.0,0,0
Moham,KR,8,0.25,2.4,0.6,3.5,7.8,1.4,250,0.691,9.5,211,3.97,1.81,0.61,0.53,81,0,0,0.0,0.0,0,0
Morgan,KR,14,0.28600000000000003,3.0,3.4,2.9,5.1,8.1,392,0.637,19.9,474,1.16,0.38,0.25,0.23,124,-1,-16,0.071,0.214,0,2
Morttheus,BR,6,0.33299999999999996,4.1,4.5,2.3,5.0,9.5,444,0.728,33.7,925,1.24,0.33,0.41,0.11,139,5,-340,0.16699999999999998,0.0,0,0
MrFreezed,EE,6,0.16699999999999998,3.0,6.3,3.2,3.2,8.9,442,0.722,29.7,731,0.45,0.21,0.11,0.02,65,1,-54,0.5,0.0,0,0
MrPhant0m,GR,9,0.444,4.2,6.1,2.9,6.1,8.9,447,0.669,29.6,835,0.79,0.28,0.2,0.05,211,6,398,0.222,0.222,0,3
Mrozku,PL,8,0.25,2.4,3.4,3.6,5.4,8.6,402,0.616,23.2,661,0.89,0.34,0.19,0.11,471,9,147,0.125,0.0,0,1
Mxe,TR,8,0.375,1.9,0.4,4.8,8.8,1.0,236,0.72,8.4,185,3.52,1.78,0.45,0.53,-62,0,-241,0.5,0.125,0,0
Myrtus,FR,4,0.0,0.8,0.5,6.5,4.5,1.3,228,0.7929999999999999,10.7,229,3.05,1.45,0.48,0.38,-300,8,96,0.25,0.0,0,0
Myrwn,ES,9,0.667,3.6,3.2,2.3,5.2,7.8,404,0.509,23.3,703,0.87,0.28,0.2,0.12,272,-1,-63,0.222,0.0,0,2
Mystiques,PL,8,0.25,2.0,0.6,4.3,7.8,1.0,225,0.738,5.5,125,3.05,1.6,0.28,0.38,-190,4,267,0.125,0.125,0,0
Naak Nako,TR,9,0.556,1.9,2.7,3.2,3.6,8.2,395,0.44299999999999995,23.9,652,0.88,0.39,0.11,0.16,-153,-5,-161,0.111,0.0,0,1
Nafkelah,ME,8,0.625,8.2,4.6,1.6,8.6,8.3,428,0.7,31.1,788,0.84,0.39,0.15,0.12,640,11,305,0.25,0.0,0,2
Namgung,KR,11,0.182,1.7,0.5,5.3,8.5,1.0,236,0.733,7.2,194,3.82,2.05,0.47,0.59,-117,-4,-320,0.364,0.273,0,0
Nano,AT,5,0.6,4.7,4.4,2.2,6.0,9.2,451,0.643,26.7,611,1.12,0.36,0.25,0.19,512,0,20,0.2,0.2,0,3
Nasut,PL,7,0.0,1.0,2.4,7.1,5.0,5.7,332,0.722,19.0,482,0.75,0.1,0.17,0.04,-398,-2,-58,0.429,0.14300000000000002,0,2
Nemesis,SI,6,1.0,11.3,2.5,1.0,8.8,8.5,418,0.601,20.3,538,0.66,0.21,0.18,0.01,232,1,-22,0.16699999999999998,0.0,0,0
Nenad,RS,2,0.5,2.4,3.0,3.5,5.5,7.4,384,0.597,21.1,540,0.63,0.26,0.14,0.07,513,1,284,0.5,0.0,0,0
Neon,SK,8,0.5,6.1,6.9,2.4,7.5,9.5,456,0.75,34.7,904,1.06,0.35,0.33,0.11,984,12,487,0.625,0.0,0,2
Neramin,TR,10,0.6,4.8,6.8,2.8,6.6,7.7,441,0.644,24.8,684,0.43,0.18,0.12,0.02,297,-2,225,0.3,0.0,0,0
Niceguyben,DE,6,0.33299999999999996,1.7,2.8,4.2,4.3,8.2,402,0.43799999999999994,24.4,698,0.67,0.3,0.07,0.06,462,5,830,0.16699999999999998,0.0,0,3
NightSlayer,UA,5,0.6,4.6,2.4,1.8,5.8,7.8,384,0.501,17.4,402,0.78,0.18,0.19,0.06,-297,-9,-286,0.0,0.0,0,3
Nikolex,GR,10,0.6,2.5,2.0,4.4,8.8,5.1,320,0.494,23.5,378,1.05,0.22,0.23,0.16,34,2,96,0.2,0.0,0,1
Nille,FI,8,0.625,5.8,3.6,1.6,5.8,7.8,416,0.489,21.0,528,0.82,0.46,0.09,0.2,629,12,647,0.375,0.0,0,3
Noah,KR,9,0.556,4.3,4.9,2.6,6.1,9.6,449,0.7390000000000001,31.9,900,0.9,0.38,0.25,0.1,-407,0,325,0.33299999999999996,0.111,0,1
Nomi,NO,5,0.6,8.1,7.6,1.6,5.4,8.8,466,0.649,27.5,807,0.81,0.26,0.29,0.0,515,-1,-241,0.2,0.2,0,1
Noway,DE,6,0.833,4.8,4.2,2.8,9.5,8.5,420,0.5489999999999999,26.4,886,0.83,0.41,0.09,0.14,52,9,195,0.0,0.0,0,0
Nsurr,FR,8,0.375,2.4,1.4,5.5,11.9,1.1,252,0.8140000000000001,7.0,185,3.31,1.63,0.45,0.4,-223,-1,-185,0.125,0.0,0,0
NuQ,TR,8,0.5,2.0,2.8,3.9,4.9,7.5,387,0.397,22.2,620,1.07,0.43,0.16,0.16,268,0,195,0.0,0.0,0,0
Nyx,ES,6,0.667,4.2,3.7,3.0,8.8,6.4,380,0.644,14.9,437,1.45,0.26,0.4,0.22,242,8,189,0.33299999999999996,0.0,0,0
OMON,CZ,6,0.833,5.2,4.5,2.3,7.7,8.9,426,0.596,22.2,648,1.05,0.3,0.3,0.1,-238,-2,-31,0.0,0.16699999999999998,0,2
ON,CN,6,1.0,6.5,0.3,2.0,12.7,1.2,276,0.73,7.5,204,4.02,1.93,0.58,0.59,159,0,0,0.0,0.0,0,0
Obstinatus,PT,8,0.5,2.9,0.5,3.9,10.9,1.0,245,0.695,7.0,204,3.39,1.61,0.38,0.45,270,-2,-15,0.25,0.125,0,0
Oddielan,PE,5,0.2,2.2,0.6,3.0,6.0,6.6,327,0.664,11.3,271,1.22,0.29,0.27,0.25,121,4,221,0.4,0.0,0,0
Oner,KR,13,0.6920000000000001,5.1,3.9,2.2,7.1,6.8,388,0.723,19.1,515,1.5,0.3,0.38,0.24,128,6,108,0.615,0.0,0,1
Ophelia,KR,8,0.125,1.7,2.5,3.3,3.1,8.5,386,0.652,28.2,662,1.08,0.45,0.24,0.18,-225,-2,-246,0.125,0.125,0,0
Oscarinin,ES,9,0.889,4.3,3.4,2.2,6.1,8.1,424,0.5539999999999999,21.8,655,0.76,0.27,0.12,0.07,436,6,504,0.111,0.222,0,1
Osman123,TR,8,0.75,3.9,4.6,3.4,8.5,6.7,392,0.685,13.8,400,1.73,0.38,0.37,0.44,243,4,130,0.5,0.125,0,2
Overpow,PL,4,0.0,2.0,0.3,2.3,4.3,7.9,343,0.615,31.9,688,0.76,0.35,0.16,0.09,-484,-5,103,0.0,0.0,0,0
PRIDE,CH,6,0.667,3.0,3.8,3.5,6.5,7.7,402,0.44799999999999995,24.8,849,0.91,0.39,0.09,0.17,508,8,268,0.0,0.0,0,8
Paduck,KR,10,1.0,10.5,6.8,1.5,8.9,8.9,463,0.7140000000000001,25.2,807,1.43,0.48,0.37,0.19,112,5,616,0.3,0.0,0,6
Paixdia,TR,8,0.5,2.8,1.4,5.1,12.8,1.0,250,0.775,6.5,170,3.66,1.96,0.46,0.65,152,2,18,0.5,0.125,0,0
Palafox,US,5,0.4,2.8,3.8,2.4,2.8,8.8,415,0.6579999999999999,28.7,660,1.11,0.47,0.18,0.17,-303,-5,-536,0.4,0.2,0,3
Pallet,GR,10,0.5,2.4,2.1,4.2,7.8,5.4,331,0.631,13.0,376,1.47,0.31,0.33,0.27,-71,-5,-228,0.2,0.1,0,0
Pangjin,KR,8,0.25,3.0,3.9,3.5,6.5,8.8,426,0.6890000000000001,23.9,679,0.95,0.32,0.25,0.05,-428,-6,38,0.25,0.0,0,2
PapiTeero,PT,7,0.429,3.0,3.9,3.0,5.1,7.4,377,0.607,23.8,656,0.74,0.24,0.11,0.08,387,1,329,0.28600000000000003,0.0,0,5
Parus,TR,9,0.444,3.4,1.3,3.4,10.3,1.1,248,0.8370000000000001,6.5,176,3.73,1.74,0.5,0.47,-38,4,-65,0.222,0.222,0,0
Passzi,HU,3,0.667,2.5,1.0,4.7,10.7,0.8,254,0.72,5.4,154,3.3,1.77,0.25,0.61,229,-2,-956,0.667,0.0,0,0
Patch,KR,8,0.5,4.6,1.3,3.1,13.3,0.9,263,0.795,6.8,189,3.38,1.7,0.38,0.54,346,-2,113,0.5,0.25,0,1
PatkicaA,RS,8,0.625,3.3,2.1,3.0,7.8,6.6,352,0.54,18.8,477,0.87,0.31,0.17,0.12,-233,-10,-310,0.0,0.25,0,1
Patrik,CZ,9,0.111,1.7,2.7,4.0,4.0,8.6,382,0.589,26.0,536,1.06,0.4,0.27,0.12,-295,-8,-469,0.33299999999999996,0.0,0,2
Pcelica,ME,2,0.0,2.7,3.5,3.5,6.0,8.2,394,0.691,31.7,639,0.78,0.34,0.18,0.08,-224,-15,-912,0.5,0.0,0,0
Peanut,KR,11,0.636,4.6,2.2,2.3,8.3,6.1,354,0.6779999999999999,15.6,403,1.55,0.33,0.43,0.26,-170,-5,-175,0.364,0.0,0,3
Peppe,GR,5,0.8,8.4,4.0,1.6,9.4,9.5,452,0.654,25.7,820,1.09,0.47,0.23,0.23,97,9,12,0.2,0.0,0,1
PerfecT,KR,13,0.5379999999999999,3.1,2.3,2.3,4.8,7.9,374,0.473,20.8,518,1.05,0.46,0.17,0.24,-195,0,-4,0.077,0.154,0,1
Perkz,HR,7,0.5710000000000001,3.9,4.3,2.3,4.6,8.2,408,0.5660000000000001,29.3,818,0.93,0.46,0.1,0.13,251,13,-30,0.0,0.28600000000000003,0,2
Pesho,MK,2,0.5,3.1,4.0,3.5,7.0,9.0,450,0.779,35.4,887,0.69,0.28,0.15,0.07,24,4,-130,0.5,0.0,0,0
Peter,KR,10,1.0,7.1,1.2,2.4,15.8,1.0,273,0.778,6.6,197,3.47,1.74,0.41,0.56,201,-1,24,0.4,0.0,0,0
Petoska,FI,10,0.1,1.6,3.2,3.8,2.7,7.3,392,0.42700000000000005,25.2,642,0.71,0.32,0.11,0.02,86,2,48,0.4,0.0,0,11
Peyz,KR,8,0.75,8.7,5.8,1.4,6.3,10.4,493,0.752,29.2,872,1.27,0.41,0.36,0.13,473,0,0,0.0,0.0,0,0
Phantasm,DE,3,0.667,3.3,6.3,3.3,4.7,7.9,401,0.523,27.0,745,1.0,0.39,0.21,0.07,186,-6,428,0.0,0.0,0,1
Photic,CN,7,0.14300000000000002,1.8,2.7,3.4,3.3,8.4,389,0.5920000000000001,30.7,697,1.08,0.37,0.32,0.06,-670,0,0,0.0,0.0,0,0
Photon,KR,8,0.5,5.6,4.4,1.8,5.4,7.8,390,0.526,15.3,394,1.05,0.27,0.26,0.1,127,4,198,0.25,0.125,0,0
Piero,KR,9,0.556,4.1,1.1,3.4,12.9,0.9,261,0.846,6.8,193,3.53,1.87,0.38,0.41,235,-1,76,0.556,0.222,0,1
Piwek,PL,4,0.0,1.1,1.3,4.5,3.5,8.6,362,0.7609999999999999,21.3,459,1.04,0.37,0.32,0.18,-789,-8,-516,0.25,0.0,0,0
Pl0x,RS,3,1.0,18.3,3.0,1.0,15.3,9.0,441,0.7809999999999999,26.2,769,0.83,0.29,0.27,0.03,394,4,225,0.0,0.0,0,0
Pleata,KR,11,0.909,5.6,0.7,2.5,13.5,1.3,273,0.77,7.5,215,4.02,2.03,0.58,0.54,109,3,192,0.273,0.091,0,0
Poby,KR,11,0.727,4.7,2.6,2.0,6.7,9.8,443,0.6509999999999999,26.2,679,1.01,0.45,0.2,0.18,250,4,285,0.0,0.091,0,2
Pollu,KR,14,0.28600000000000003,2.7,0.5,4.1,10.5,0.9,236,0.828,7.0,173,3.54,1.96,0.38,0.59,-118,-3,-405,0.429,0.14300000000000002,0,0
Potent,FR,8,0.625,1.7,2.6,5.0,5.9,7.6,387,0.494,21.0,595,0.76,0.34,0.11,0.11,437,18,366,0.25,0.125,0,7
PowerOfEvil,DE,6,0.667,10.4,4.7,1.2,7.5,9.5,458,0.617,25.0,823,0.94,0.41,0.17,0.11,234,17,709,0.0,0.16699999999999998,0,2
Ppgod,CN,4,0.75,4.5,0.8,2.8,11.5,1.0,254,0.7559999999999999,6.4,152,3.28,1.76,0.38,0.53,84,0,0,0.0,0.0,0,0
Prime,FR,6,0.667,2.1,0.2,6.3,13.0,1.0,236,0.669,6.6,201,3.67,1.9,0.42,0.64,-261,-1,-373,0.16699999999999998,0.0,0,0
ProDelta,BR,7,0.5710000000000001,2.5,1.1,4.9,11.1,1.3,259,0.708,8.2,233,3.94,1.83,0.54,0.55,26,2,-93,0.5710000000000001,0.14300000000000002,0,0
Pungyeon,KR,14,0.643,4.5,5.0,2.8,7.5,9.2,453,0.701,28.7,853,1.12,0.44,0.24,0.26,209,6,92,0.071,0.071,0,4
Pyeonsik,KR,12,0.25,2.9,3.5,2.8,4.8,8.4,388,0.591,26.4,665,1.01,0.45,0.26,0.19,-329,-8,-732,0.16699999999999998,0.25,0,0
Pyosik,KR,15,0.267,2.8,1.6,2.9,6.6,6.0,326,0.746,14.4,359,1.38,0.37,0.32,0.32,-504,-13,-516,0.33299999999999996,0.133,0,1
Pyrka,PL,10,0.7,8.0,0.9,1.9,14.3,1.1,263,0.802,5.9,171,3.62,1.76,0.46,0.46,68,2,302,0.3,0.0,0,0
Quad,KR,5,0.6,6.4,4.6,1.6,5.6,8.8,438,0.72,30.5,776,1.08,0.52,0.18,0.22,259,11,155,0.2,0.0,0,1
Quantum,KR,11,0.818,3.9,0.9,4.1,14.9,1.1,275,0.7609999999999999,8.5,253,3.48,1.59,0.49,0.46,262,1,263,0.273,0.0,0,0
Quid,KR,6,0.833,7.5,6.5,2.2,9.7,8.4,469,0.7020000000000001,27.4,877,1.06,0.37,0.27,0.18,222,2,123,0.5,0.0,0,7
REAVER,GR,10,0.8,3.4,1.6,4.6,14.0,0.9,272,0.701,7.0,211,2.91,1.49,0.28,0.43,-9,2,-377,0.3,0.3,0,1
RKR,DE,9,0.111,1.2,0.6,3.2,3.3,8.3,349,0.505,23.9,489,0.94,0.42,0.16,0.19,-573,-9,-395,0.33299999999999996,0.0,0,0
Rabble,NL,6,0.33299999999999996,4.3,3.5,3.0,9.5,6.4,364,0.76,15.3,421,1.6,0.27,0.42,0.21,347,2,96,0.16699999999999998,0.0,0,2
Rafitta,ES,10,0.6,6.3,6.7,2.2,7.1,8.8,458,0.6890000000000001,29.6,838,0.91,0.36,0.19,0.11,249,1,-23,0.2,0.0,0,0
Ragnarr,HU,1,1.0,4.0,4.0,3.0,8.0,8.1,455,0.545,20.6,561,0.86,0.5,0.14,0.14,569,-6,-782,1.0,0.0,0,0
Ragner,TR,7,0.5710000000000001,4.4,2.3,2.0,6.4,7.0,343,0.5670000000000001,18.7,493,0.8,0.46,0.13,0.15,-413,-15,-211,0.14300000000000002,0.28600000000000003,0,4
Rahel,KR,9,0.111,1.8,2.4,2.6,2.1,9.3,407,0.611,29.8,613,0.94,0.38,0.25,0.14,-120,2,48,0.222,0.0,0,3
Ralf,GR,1,0.0,2.0,6.0,6.0,6.0,8.7,442,0.706,24.8,673,0.72,0.36,0.06,0.09,-418,-9,-895,1.0,0.0,0,0
Rames,TR,8,0.25,2.7,2.4,2.8,5.1,6.3,337,0.705,12.5,310,1.34,0.29,0.31,0.26,-224,-1,-146,0.0,0.5,0,0
Random,CZ,6,0.33299999999999996,2.4,4.7,4.0,5.0,8.6,414,0.581,27.9,773,0.79,0.26,0.15,0.08,339,7,206,0.0,0.16699999999999998,0,3
Raptor,KR,13,0.231,1.9,2.5,3.9,5.2,5.6,333,0.68,16.3,425,1.39,0.31,0.29,0.26,-512,-15,-493,0.154,0.077,0,1
Raxxo,PL,7,0.857,7.2,1.6,1.9,11.7,1.0,272,0.8440000000000001,7.5,207,3.3,1.55,0.36,0.33,296,-1,-218,0.429,0.0,0,1
RayFarky,JP,9,0.222,2.8,2.2,3.1,6.3,7.0,349,0.634,20.5,524,0.89,0.3,0.16,0.16,-365,-11,-251,0.111,0.0,0,1
Rayito,ES,10,0.7,3.7,4.6,2.7,5.5,8.9,426,0.583,26.6,712,0.77,0.35,0.2,0.11,-532,-5,-126,0.1,0.1,0,1
Razork,ES,9,0.889,8.9,2.7,1.6,11.2,5.9,368,0.794,14.5,436,1.43,0.19,0.37,0.16,215,10,425,0.444,0.111,0,0
Rekkles,SE,6,1.0,18.0,1.0,0.8,14.0,1.4,317,0.84,9.1,235,3.27,1.57,0.41,0.42,718,7,1143,0.5,0.0,0,0
Relative,DE,9,0.556,6.4,4.6,1.8,6.9,8.6,431,0.7190000000000001,26.0,687,0.93,0.26,0.21,0.17,-32,-5,3,0.111,0.0,0,3
Rest,TW,3,0.667,3.4,3.3,2.3,4.7,7.4,397,0.512,15.4,399,0.95,0.42,0.14,0.1,162,-4,437,0.0,0.0,0,2
Rexat,DE,2,0.0,1.0,0.0,3.5,3.5,1.3,228,0.75,10.9,154,2.26,1.01,0.41,0.2,2,0,823,0.5,0.0,0,0
Rhilech,TR,6,0.833,5.1,4.0,3.0,11.2,6.2,380,0.73,15.5,465,1.39,0.28,0.32,0.3,221,-3,-8,0.667,0.0,0,1
Rich,KR,15,0.5329999999999999,2.2,2.0,3.0,4.5,7.1,353,0.542,21.0,504,1.0,0.37,0.19,0.08,-332,-10,-334,0.067,0.133,0,4
Rin,DZ,10,0.8,6.9,4.6,1.6,6.5,9.9,475,0.737,30.4,830,1.16,0.45,0.31,0.1,461,14,368,0.4,0.3,0,0
River,KR,6,0.833,5.2,3.3,2.8,11.3,6.6,386,0.6609999999999999,18.7,572,1.62,0.38,0.32,0.32,-36,0,126,0.16699999999999998,0.16699999999999998,0,0
Robo,BR,6,0.5,3.2,4.2,3.2,5.8,7.2,380,0.727,21.4,506,0.85,0.31,0.17,0.15,52,-4,-354,0.16699999999999998,0.16699999999999998,0,2
Rocklho,DE,9,0.556,4.2,2.3,2.3,7.4,6.7,347,0.613,20.6,535,0.73,0.37,0.1,0.06,-968,-25,-578,0.111,0.222,0,3
Roison,PL,4,1.0,6.8,7.5,3.0,12.8,6.8,404,0.7979999999999999,28.0,939,0.54,0.28,0.12,0.02,-68,-12,-376,0.25,0.0,0,0
Ronaldo,RO,8,0.5,3.2,3.8,3.0,5.9,8.5,414,0.5920000000000001,26.7,737,0.94,0.38,0.12,0.16,299,4,204,0.25,0.0,0,4
RooKie,KR,8,0.5,4.2,3.4,2.4,6.5,8.7,408,0.726,26.4,687,1.18,0.46,0.27,0.22,165,0,0,0.0,0.0,0,0
Rooster,KR,12,0.25,3.4,3.5,3.0,6.8,7.5,372,0.675,20.0,533,0.71,0.31,0.08,0.1,-87,7,-20,0.25,0.25,0,5
Roshan,NL,2,0.0,0.8,1.0,4.5,2.5,4.8,277,0.35,17.4,354,1.11,0.26,0.26,0.29,-1757,-20,-1320,0.0,0.5,0,0
Rosielove,CN,7,0.14300000000000002,1.9,0.4,4.1,7.3,1.1,240,0.722,10.5,224,3.47,1.71,0.46,0.56,-243,0,0,0.0,0.0,0,0
Route,KR,6,0.5,5.7,4.8,2.0,6.5,8.9,416,0.768,26.5,633,1.14,0.48,0.25,0.15,-298,0,-152,0.33299999999999996,0.0,0,0
Royeq,PL,7,0.857,7.2,4.6,1.6,6.7,9.3,446,0.738,29.6,833,0.8,0.3,0.2,0.13,239,-1,73,0.429,0.14300000000000002,0,0
Ruep,TR,8,0.75,6.3,6.8,2.3,7.4,8.9,461,0.747,30.4,880,1.23,0.42,0.32,0.16,296,3,-48,0.625,0.0,0,1
Ruler,KR,11,0.636,4.2,4.7,2.5,5.6,9.6,468,0.6920000000000001,27.9,812,1.3,0.43,0.39,0.18,314,10,418,0.273,0.091,0,1
RustySniper,SE,9,0.33299999999999996,2.5,4.0,3.3,4.2,8.2,400,0.6809999999999999,32.3,789,0.92,0.29,0.29,0.08,-308,-2,-257,0.222,0.0,0,2
Rutzou,DK,4,0.0,1.3,1.3,3.8,3.8,1.3,220,0.49200000000000005,11.3,269,2.44,1.16,0.28,0.26,-144,6,50,0.25,0.0,0,0
Rybson,PL,8,0.75,5.4,4.0,2.8,10.8,6.4,399,0.778,17.7,571,1.08,0.29,0.23,0.22,496,10,209,0.375,0.0,0,0
SHREDDER,IT,6,1.0,3.7,0.3,3.3,12.0,1.2,272,0.695,7.0,203,2.87,1.27,0.33,0.29,222,3,-327,0.16699999999999998,0.33299999999999996,0,0
Saber,CN,7,0.14300000000000002,1.7,2.1,3.7,4.1,8.0,373,0.5920000000000001,23.2,490,1.22,0.4,0.27,0.25,-783,0,0,0.0,0.0,0,0
Sacre,HR,8,0.375,2.6,3.1,3.1,5.1,7.5,376,0.632,25.7,639,1.07,0.46,0.15,0.12,-133,-3,-75,0.25,0.125,0,1
Saint,KR,5,0.2,2.5,3.6,3.0,3.8,8.8,393,0.772,29.1,688,1.18,0.27,0.32,0.14,-53,-2,201,0.4,0.2,0,1
Sajator,CZ,10,0.8,4.5,3.6,2.4,7.1,8.0,408,0.701,26.6,739,0.93,0.48,0.2,0.2,-12,-1,-296,0.0,0.1,0,2
Sala,IT,7,0.14300000000000002,1.4,2.4,3.1,2.0,7.6,362,0.593,18.9,387,0.7,0.39,0.05,0.08,-369,5,-231,0.0,0.14300000000000002,0,5
Santorin,DK,6,0.833,8.8,5.3,1.8,10.8,6.8,418,0.725,16.3,539,1.36,0.27,0.35,0.19,428,6,378,0.16699999999999998,0.0,0,3
Satan,GR,10,0.8,4.8,3.6,2.2,7.0,7.5,387,0.591,22.9,656,0.56,0.23,0.12,0.05,54,0,114,0.1,0.1,0,4
Sayn,DZ,8,0.625,5.6,5.3,2.4,8.0,8.5,416,0.703,31.4,849,0.89,0.41,0.16,0.13,199,-4,-77,0.375,0.125,0,3
ScaryJerry,US,5,0.2,2.0,1.6,2.8,4.0,9.3,389,0.496,23.7,602,0.91,0.38,0.22,0.18,-131,-4,-92,0.2,0.0,0,1
Scorth,TR,8,0.5,5.7,5.4,1.8,4.6,9.6,429,0.6779999999999999,28.8,716,0.8,0.33,0.23,0.07,-146,-6,-261,0.375,0.0,0,0
Scout,KR,8,0.75,9.1,3.6,1.3,7.8,8.9,429,0.71,25.9,763,0.93,0.31,0.18,0.14,261,0,0,0.0,0.0,0,0
SeTab,KR,8,0.75,5.0,3.6,2.3,7.6,8.2,424,0.6659999999999999,26.6,742,1.19,0.39,0.28,0.24,322,0,0,0.0,0.0,0,0
Seal,NL,8,0.375,3.6,1.1,3.4,11.1,1.1,250,0.815,7.9,185,3.61,1.94,0.42,0.6,-25,0,6,0.375,0.25,0,0
Seaz,AT,4,0.0,1.3,1.0,3.3,3.3,1.0,226,0.446,7.8,178,3.23,2.01,0.24,0.52,281,5,644,0.0,0.0,0,0
Sebekx,PL,7,0.857,4.3,4.4,2.6,6.6,8.3,421,0.665,26.4,733,1.19,0.41,0.25,0.12,220,5,-173,0.0,0.14300000000000002,0,1
Sekkou,HU,2,0.5,1.8,1.0,5.5,9.0,0.6,252,0.708,7.2,181,2.78,1.5,0.21,0.43,273,-5,-238,0.5,0.0,0,0
Selenex,ES,9,0.111,1.5,1.1,2.7,2.8,7.3,323,0.42200000000000004,19.7,490,0.95,0.46,0.09,0.2,-778,-8,-284,0.444,0.111,0,3
Send0o,ES,9,0.556,2.2,2.8,4.1,6.4,6.7,361,0.46799999999999997,20.9,612,0.96,0.3,0.19,0.1,-938,-22,-583,0.111,0.111,0,2
Serin,TR,7,0.5710000000000001,6.4,5.3,1.7,5.7,8.8,431,0.7140000000000001,27.8,743,1.02,0.44,0.22,0.21,212,-1,-258,0.14300000000000002,0.0,0,2
Sertuss,DE,6,0.667,7.1,5.0,2.0,9.2,8.5,421,0.7040000000000001,23.0,727,1.19,0.54,0.23,0.19,283,1,149,0.0,0.0,0,0
Shanks,CN,7,0.857,5.6,6.6,2.7,8.7,8.1,437,0.675,23.6,677,0.82,0.21,0.2,0.07,160,0,0,0.0,0.0,0,0
Shaoye,CN,6,0.5,2.8,4.2,4.2,7.5,8.7,422,0.637,25.9,710,1.12,0.43,0.27,0.13,134,0,0,0.0,0.0,0,0
Sharvel,KR,13,0.231,2.6,2.2,3.3,6.3,6.6,345,0.82,19.9,505,1.41,0.33,0.34,0.26,-26,3,147,0.615,0.0,0,1
ShazQ,PL,4,1.0,13.7,3.5,1.5,17.0,6.0,370,0.804,13.1,441,1.34,0.32,0.26,0.28,-19,-2,-105,0.5,0.0,0,0
Sheiden,PH,3,0.667,4.3,2.7,2.7,8.7,6.3,354,0.772,15.5,430,1.15,0.33,0.21,0.3,-253,0,-73,0.0,0.0,0,0
Shelfmade,DE,5,0.8,7.0,3.4,1.0,3.6,7.7,410,0.457,21.1,587,0.85,0.4,0.11,0.12,650,21,254,0.4,0.0,0,3
Sheo,FR,9,0.33299999999999996,3.0,1.4,2.6,6.1,6.4,339,0.66,15.2,376,1.26,0.26,0.26,0.2,38,-1,62,0.111,0.222,0,0
Shiganari,LV,8,0.625,6.4,5.3,2.0,7.6,8.6,434,0.748,27.7,751,0.9,0.33,0.24,0.08,145,2,283,0.125,0.0,0,1
Shizika,RS,2,0.0,1.8,2.5,4.5,5.5,7.8,345,0.603,20.2,402,0.74,0.4,0.1,0.13,-1294,-36,-898,0.0,0.0,0,1
Shlatan,PL,4,0.0,1.0,1.3,5.0,3.5,6.0,316,0.7440000000000001,19.6,400,1.06,0.3,0.13,0.26,-830,7,118,0.0,0.25,0,0
Shogun,VN,9,0.778,11.6,4.8,1.0,6.8,10.1,468,0.6609999999999999,28.5,863,1.2,0.46,0.33,0.13,-104,-2,376,0.222,0.0,0,2
ShowMaker,KR,14,0.7140000000000001,7.4,4.0,1.5,7.1,8.1,405,0.701,24.4,650,1.16,0.4,0.25,0.21,-44,-3,-101,0.14300000000000002,0.0,0,3
Shy Carry,RS,10,0.6,7.3,4.3,1.8,8.9,8.7,432,0.785,29.6,825,1.28,0.38,0.38,0.17,-259,-5,-338,0.3,0.1,0,3
Simpli,FI,4,0.0,1.3,1.5,4.3,4.0,8.1,356,0.602,25.8,619,0.83,0.32,0.16,0.18,-558,-18,-17,0.25,0.5,0,1
Sinmivak,PL,10,0.4,3.5,2.1,2.0,4.8,8.0,383,0.56,25.7,586,0.87,0.38,0.14,0.11,122,-1,-389,0.1,0.3,0,2
Siuloong,VN,9,0.778,3.3,2.6,3.3,8.3,1.0,272,0.6459999999999999,7.0,200,4.22,2.12,0.6,0.52,2,-3,-155,0.222,0.33299999999999996,0,0
Siwoo,KR,14,0.7140000000000001,3.8,2.8,2.4,6.4,7.4,380,0.562,21.3,584,0.9,0.32,0.17,0.11,-190,-10,-451,0.071,0.429,0,1
Six10,SE,8,0.625,4.3,5.6,2.3,4.0,9.5,461,0.639,28.1,865,0.89,0.25,0.21,0.17,515,10,172,0.5,0.0,0,2
Skeanz,FR,8,0.75,7.3,3.0,2.0,11.5,6.4,367,0.732,16.9,539,1.22,0.25,0.24,0.22,-33,9,477,0.25,0.125,0,1
SkewMond,FR,9,0.667,5.6,3.1,2.0,8.0,7.0,383,0.7090000000000001,17.3,429,1.45,0.29,0.31,0.23,183,9,497,0.111,0.0,0,0
Slayder,VN,8,0.375,3.9,3.1,2.1,5.1,9.5,417,0.628,23.6,489,0.81,0.27,0.24,0.06,-401,5,-67,0.125,0.0,0,0
Slayer,KR,12,0.75,4.9,5.8,2.8,7.7,9.2,453,0.633,27.9,886,0.81,0.29,0.24,0.05,328,3,241,0.33299999999999996,0.25,0,2
Sleyer,FR,8,0.375,2.0,2.5,3.1,3.6,7.8,376,0.452,22.5,541,0.86,0.36,0.16,0.11,-575,-8,-186,0.0,0.0,0,2
SlowQ,KR,9,0.556,4.8,3.7,2.3,7.4,8.8,420,0.653,24.8,727,1.29,0.48,0.31,0.22,-1,3,169,0.33299999999999996,0.0,0,1
Smarty,CZ,9,0.111,1.4,0.7,5.1,6.4,1.0,229,0.732,8.9,211,2.98,1.4,0.39,0.4,-91,2,77,0.444,0.222,0,0
Smash,KR,17,0.706,6.1,4.8,1.6,5.2,9.8,465,0.693,26.9,704,1.3,0.4,0.41,0.13,637,7,-85,0.588,0.11800000000000001,0,2
Smurfe,NO,8,0.625,2.4,2.9,3.3,5.0,7.6,375,0.627,18.0,548,0.93,0.37,0.13,0.16,292,16,-181,0.0,0.0,0,3
Sn1lle,SE,10,0.6,4.1,2.7,2.7,8.4,5.5,345,0.6729999999999999,13.3,359,1.43,0.31,0.33,0.26,158,-3,-43,0.3,0.1,0,0
Snake,FR,1,0.0,0.1,0.0,8.0,1.0,1.4,205,1.0,3.3,45,3.07,1.52,0.49,0.57,-243,6,-932,0.0,1.0,0,0
Snaker,AR,7,0.7140000000000001,4.4,3.7,2.3,6.4,9.2,439,0.617,24.5,745,1.03,0.44,0.24,0.17,-111,2,185,0.0,0.0,0,0
Sniper,US,6,0.833,3.6,3.8,3.5,8.8,6.7,382,0.556,17.4,535,0.92,0.38,0.14,0.13,-757,-15,-468,0.0,0.33299999999999996,0,2
Soboro,KR,13,0.615,3.9,3.9,3.1,7.9,6.7,372,0.6809999999999999,24.1,699,0.79,0.36,0.1,0.08,172,6,-208,0.231,0.231,0,6
Soldier,FR,8,0.625,11.8,6.0,1.1,7.3,9.2,464,0.722,24.1,598,0.93,0.32,0.24,0.13,1060,20,320,0.25,0.0,0,1
Sotsy,FR,7,0.429,2.4,2.3,3.7,6.7,6.5,341,0.537,16.7,448,0.9,0.35,0.15,0.06,-69,-3,131,0.28600000000000003,0.28600000000000003,0,0
Sounda,KR,8,0.25,2.9,2.6,3.6,8.0,6.0,350,0.7,14.4,396,1.68,0.38,0.44,0.34,-134,3,62,0.25,0.0,0,1
Sparz,TR,10,0.6,3.1,1.4,4.5,12.7,0.9,258,0.6659999999999999,8.6,231,2.96,1.52,0.26,0.38,154,0,205,0.3,0.2,0,0
Sponge,KR,15,0.5329999999999999,2.9,3.4,3.1,5.7,6.6,365,0.768,19.5,467,1.57,0.31,0.36,0.27,369,7,194,0.2,0.0,0,0
Spooder,SE,10,0.5,3.3,2.6,2.2,4.7,7.1,364,0.474,20.4,535,1.02,0.44,0.18,0.17,223,9,361,0.2,0.1,0,1
Spooky,BG,8,0.625,5.5,3.4,2.6,11.0,6.1,391,0.763,17.7,452,1.38,0.26,0.36,0.16,613,0,148,0.5,0.125,0,1
Srtty,AU,5,0.4,3.7,4.2,2.4,4.6,7.2,376,0.6629999999999999,25.4,655,0.94,0.41,0.16,0.18,-402,-9,-654,0.0,0.4,0,0
Starlit,KR,11,0.182,1.6,3.5,4.5,3.6,8.2,391,0.691,29.7,708,1.05,0.37,0.24,0.24,-69,-7,-187,0.182,0.0,0,3
Starry,CN,8,0.25,2.5,3.0,3.3,5.3,8.8,406,0.701,25.6,642,0.91,0.35,0.23,0.13,-330,0,0,0.0,0.0,0,0
Steeelback,FR,8,0.625,5.3,0.6,2.5,12.6,0.9,261,0.7140000000000001,6.2,153,3.08,1.67,0.27,0.54,158,-17,-224,0.25,0.125,0,0
Stefan,RS,8,0.125,1.6,1.5,3.8,4.5,5.9,324,0.679,16.5,381,1.4,0.25,0.38,0.2,-381,-2,-195,0.375,0.375,0,1
Steller,VN,2,0.5,0.9,0.5,4.5,3.5,7.5,324,0.28600000000000003,26.1,536,1.25,0.55,0.21,0.22,-1112,-24,-922,0.0,0.0,0,0
Stend,FR,9,0.33299999999999996,2.1,0.3,3.7,7.3,0.9,229,0.755,6.2,143,3.77,1.85,0.47,0.49,-68,1,137,0.222,0.0,0,0
Stormax,FR,6,0.16699999999999998,2.2,1.8,4.3,7.8,5.6,309,0.867,13.0,352,1.54,0.31,0.37,0.28,-259,0,-309,0.667,0.0,0,0
Strava,IT,6,0.16699999999999998,1.7,1.2,3.0,4.0,6.9,328,0.402,16.2,376,0.51,0.18,0.11,0.01,-163,-4,-319,0.0,0.16699999999999998,0,2
Supa,ES,9,0.667,5.5,5.7,2.1,5.9,9.0,456,0.698,28.6,830,1.43,0.26,0.53,0.1,375,1,-57,0.667,0.0,0,1
Sw3ry,CZ,10,0.2,2.9,1.1,4.3,11.2,0.8,244,0.777,6.3,155,3.12,1.66,0.25,0.4,232,-4,-43,0.4,0.3,0,0
Sylvie,KR,10,0.2,2.3,3.4,4.2,6.2,5.6,331,0.718,15.3,388,1.34,0.45,0.25,0.4,-548,-9,-471,0.6,0.0,0,0
Syzyfek,PL,6,0.33299999999999996,2.2,3.2,3.8,5.3,9.5,428,0.615,30.5,831,0.91,0.38,0.2,0.11,-132,-4,-348,0.16699999999999998,0.16699999999999998,0,0
Szygenda,DK,6,0.833,6.4,4.5,2.0,8.3,7.6,427,0.625,23.9,723,1.11,0.32,0.28,0.09,342,7,174,0.33299999999999996,0.16699999999999998,0,1
Taeyoon,KR,6,0.0,2.0,1.7,2.8,4.0,9.1,381,0.539,28.0,641,1.12,0.42,0.33,0.15,-438,0,0,0.0,0.0,0,0
TakeSet,DK,7,0.5710000000000001,4.2,5.1,2.4,5.1,9.2,450,0.696,29.4,724,1.2,0.35,0.38,0.09,-51,-12,-534,0.0,0.0,0,1
Taki,VN,8,0.5,2.8,1.5,4.0,9.6,1.0,259,0.758,6.8,194,3.37,1.82,0.39,0.58,267,-1,-326,0.625,0.0,0,1
Tangyuan,CN,8,0.5,3.7,2.0,1.9,4.9,9.2,408,0.606,24.6,541,1.43,0.47,0.33,0.23,-69,0,0,0.0,0.0,0,0
Tao,IT,8,0.375,3.0,3.4,3.8,7.9,7.6,389,0.612,21.4,583,0.77,0.35,0.13,0.07,40,-4,146,0.0,0.5,0,4
Targamas,BE,9,0.667,3.3,0.3,3.8,12.0,1.2,254,0.768,6.4,174,3.74,1.7,0.57,0.47,-147,4,-209,0.222,0.33299999999999996,0,0
Tarzan,KR,7,0.857,6.8,5.4,2.4,11.0,6.5,392,0.736,16.6,485,1.65,0.42,0.39,0.31,249,0,0,0.0,0.0,0,0
Tasteless,RS,3,0.667,4.5,0.3,3.3,14.7,0.9,261,0.685,7.0,213,2.66,1.26,0.19,0.4,-271,2,498,0.0,0.33299999999999996,0,0
Tatu,BR,5,0.6,4.8,2.6,2.0,7.0,6.5,366,0.7020000000000001,17.0,407,1.36,0.31,0.29,0.26,131,3,176,0.2,0.4,0,1
Taxvig,DK,4,0.0,1.0,1.5,5.3,3.8,5.2,297,0.742,12.8,284,0.87,0.11,0.25,0.09,-445,-17,-661,0.25,0.0,0,0
Techoteco,DE,8,0.375,1.7,1.9,5.4,7.1,5.8,322,0.7190000000000001,14.2,359,1.14,0.22,0.3,0.13,-402,0,-118,0.25,0.125,0,0
Teddy,KR,4,0.5,2.8,2.3,2.8,5.5,9.6,420,0.551,22.8,613,1.29,0.45,0.32,0.14,-136,6,172,0.0,0.0,0,1
Tempester,KR,12,0.25,2.9,2.8,3.3,6.8,8.4,395,0.5870000000000001,27.4,719,0.9,0.3,0.22,0.18,-234,0,-33,0.16699999999999998,0.083,0,2
Thanatos,KR,6,0.667,4.5,2.5,1.8,5.8,8.5,414,0.645,23.9,560,1.11,0.3,0.26,0.15,261,11,156,0.33299999999999996,0.16699999999999998,0,0
Thayger,ES,10,0.4,2.6,2.7,3.4,6.0,6.2,351,0.7190000000000001,17.7,419,1.21,0.22,0.28,0.22,-42,-4,-48,0.6,0.0,0,2
TheMountain,IT,7,0.5710000000000001,4.3,2.1,2.3,7.6,6.5,345,0.545,15.7,436,0.53,0.18,0.11,0.06,-226,-15,-274,0.0,0.28600000000000003,0,2
TheSerius,GR,8,0.375,2.1,1.3,3.8,6.5,6.2,323,0.402,13.2,349,0.79,0.42,0.09,0.07,-511,-20,-513,0.0,0.125,0,1
TheShy,KR,8,0.5,2.7,2.1,2.9,5.8,7.7,363,0.518,22.2,578,1.01,0.39,0.18,0.14,179,0,0,0.0,0.0,0,0
Theocacs,FR,6,0.667,3.0,2.3,4.3,10.7,5.6,331,0.6579999999999999,13.0,411,1.32,0.34,0.28,0.29,190,-6,-63,0.16699999999999998,0.16699999999999998,0,1
Thomas,HR,10,0.7,3.3,1.0,3.5,10.6,1.0,261,0.738,7.6,193,3.36,1.61,0.4,0.32,-249,2,-49,0.2,0.1,0,1
Thumb,KR,13,0.231,1.7,0.6,4.8,7.5,1.3,237,0.68,8.4,194,3.56,1.66,0.62,0.5,-311,-3,-387,0.5379999999999999,0.154,0,1
Tian,CN,7,0.857,4.3,4.0,3.0,8.9,6.7,397,0.726,15.4,395,1.65,0.41,0.39,0.34,243,0,0,0.0,0.0,0,0
Tianzhen,CN,6,0.0,1.3,1.7,6.0,5.8,6.0,330,0.799,15.5,337,1.41,0.42,0.25,0.39,-645,0,0,0.0,0.0,0,0
Time,PT,10,0.7,4.9,3.8,2.4,7.9,7.2,397,0.7120000000000001,23.1,628,1.25,0.31,0.24,0.24,422,12,526,0.3,0.2,0,3
Tinowns,BR,6,0.5,4.4,2.8,2.5,8.2,8.2,388,0.727,32.4,779,1.07,0.42,0.27,0.24,-305,-1,135,0.33299999999999996,0.16699999999999998,0,1
Titan,BR,6,0.5,3.9,7.7,3.3,5.3,9.3,470,0.792,33.1,928,1.67,0.47,0.51,0.17,293,0,-254,0.5,0.0,0,2
Tochas,PT,6,0.667,3.1,1.2,4.8,13.8,1.0,266,0.7909999999999999,8.7,239,3.37,1.57,0.45,0.37,245,-4,-306,0.33299999999999996,0.16699999999999998,0,1
Tockimo,DE,9,0.556,4.9,1.2,2.8,12.3,0.8,265,0.8240000000000001,10.3,266,3.13,1.76,0.32,0.42,159,-4,144,0.444,0.222,0,0
Toffe,LT,4,0.0,1.2,2.3,4.0,2.5,8.5,382,0.6679999999999999,28.1,594,0.95,0.4,0.22,0.23,-770,-12,-433,0.0,0.0,0,1
TolanD,KR,8,0.5,4.0,3.1,2.9,8.5,8.9,420,0.608,28.8,742,1.23,0.42,0.28,0.2,364,8,312,0.375,0.0,0,6
Tomo,US,5,0.4,3.1,2.8,2.8,5.8,9.1,403,0.64,25.6,685,0.83,0.31,0.26,0.07,-477,-2,-157,0.0,0.2,0,0
ToongE,GB,8,0.5,5.0,5.0,2.6,8.0,8.7,435,0.7040000000000001,31.5,881,1.02,0.42,0.25,0.16,231,4,341,0.375,0.0,0,0
Tracyn,PL,10,0.8,5.4,3.2,1.5,4.9,8.0,408,0.532,18.6,504,0.71,0.29,0.1,0.09,342,12,427,0.1,0.0,0,3
Treatz,SE,6,0.833,5.1,1.8,3.3,15.2,0.9,286,0.723,9.4,300,3.09,1.51,0.28,0.3,-296,-2,84,0.5,0.33299999999999996,0,1
Trymbi,PL,6,0.33299999999999996,2.1,0.3,4.8,9.8,1.2,243,0.81,7.3,198,3.46,1.58,0.48,0.4,-12,0,347,0.33299999999999996,0.33299999999999996,0,0
Tsiperakos,GR,10,0.6,5.0,5.2,3.1,10.3,7.8,420,0.818,33.9,954,0.86,0.39,0.12,0.06,227,-1,264,0.5,0.0,0,3
Turtle,BR,4,0.0,0.9,1.8,4.0,2.0,7.1,330,0.376,22.9,473,0.65,0.36,0.05,0.1,-353,-16,-278,0.25,0.0,0,3
Tutsz,BR,5,0.6,4.8,3.0,1.8,5.6,8.5,409,0.5579999999999999,26.6,638,0.91,0.4,0.17,0.18,-67,-7,26,0.2,0.2,0,0
Twiizt,SE,8,0.25,1.7,1.1,4.9,7.4,1.0,238,0.74,7.4,190,2.92,1.45,0.33,0.41,-76,-1,-372,0.125,0.125,0,0
Typhoon,TR,8,0.5,6.3,4.5,2.3,9.6,6.0,369,0.733,16.5,460,1.51,0.29,0.34,0.24,764,4,277,0.5,0.0,0,1
UNF0RGIVEN,SE,10,0.5,5.4,5.2,2.0,5.5,9.6,459,0.672,30.6,804,0.74,0.33,0.19,0.06,464,5,336,0.2,0.0,0,3
Ucal,KR,15,0.5329999999999999,5.1,3.7,1.8,5.5,9.1,428,0.6859999999999999,27.7,674,0.86,0.27,0.23,0.1,-40,-3,-41,0.267,0.0,0,5
UmTi,KR,5,0.6,1.9,3.2,5.6,7.6,6.4,373,0.59,17.7,583,1.38,0.34,0.27,0.28,413,6,144,0.6,0.4,0,1
Upset,DE,9,0.889,12.9,7.0,1.0,5.9,9.3,479,0.6709999999999999,27.0,810,1.04,0.45,0.23,0.1,534,1,-33,0.33299999999999996,0.0,0,0
Vampire,CN,6,0.0,1.6,0.8,4.5,6.2,1.0,236,0.726,6.9,156,3.63,1.8,0.53,0.53,-11,0,0,0.0,0.0,0,0
VandeR,PL,4,0.0,1.8,1.0,3.0,4.3,0.9,224,0.7140000000000001,6.2,132,3.33,1.68,0.3,0.46,-222,-4,36,0.0,0.25,0,1
Varry,DE,8,0.375,4.0,3.8,2.5,6.1,8.5,403,0.8320000000000001,25.9,642,0.96,0.47,0.16,0.16,-349,-15,-457,0.375,0.0,0,1
Vasco,PL,6,0.5,3.9,3.2,2.3,5.8,8.4,407,0.54,25.1,749,0.71,0.34,0.13,0.13,930,14,842,0.16699999999999998,0.0,0,5
Vaynedeta,GR,5,0.6,4.4,5.2,2.4,5.4,9.6,465,0.639,29.4,678,1.0,0.34,0.22,0.1,172,15,575,0.2,0.0,0,0
VeRu,RS,3,0.0,0.6,1.3,5.3,1.7,7.4,330,0.75,26.7,467,0.65,0.32,0.09,0.06,-1760,-27,-1187,0.667,0.0,0,0
Veignorem,FR,8,0.375,2.1,0.6,4.6,9.1,1.0,239,0.7509999999999999,7.9,199,3.81,2.16,0.42,0.56,-224,1,-75,0.375,0.125,0,0
Velja,RS,6,1.0,9.6,4.0,1.5,10.3,6.8,424,0.7929999999999999,18.2,505,1.23,0.24,0.25,0.32,643,13,614,0.16699999999999998,0.0,0,1
Venour,DE,6,0.33299999999999996,5.3,4.0,1.7,4.8,7.8,398,0.519,20.8,573,0.9,0.3,0.15,0.13,1145,32,834,0.0,0.16699999999999998,0,2
Verdes,PL,7,0.14300000000000002,1.3,1.4,3.9,3.7,7.7,346,0.7340000000000001,28.3,540,0.76,0.38,0.1,0.11,-432,-16,-571,0.14300000000000002,0.14300000000000002,0,2
Vertigo,AT,6,0.667,2.6,3.0,3.3,5.5,7.6,376,0.466,18.1,526,0.93,0.49,0.08,0.19,-290,-1,-190,0.16699999999999998,0.0,0,2
Vetheo,FR,6,0.667,3.4,6.5,3.7,6.0,9.1,465,0.7140000000000001,26.0,743,1.25,0.46,0.29,0.16,324,3,-146,0.5,0.0,0,5
Vicla,KR,13,0.231,1.9,2.0,3.8,5.2,8.3,378,0.629,26.6,680,1.08,0.47,0.25,0.24,-137,-2,-14,0.154,0.154,0,1
Vigil,IT,3,0.667,5.8,8.3,3.0,9.0,7.9,465,0.831,31.5,921,1.09,0.41,0.22,0.21,850,0,-16,0.0,0.33299999999999996,0,1
Vincenzo,KR,11,0.727,4.6,4.6,2.3,5.9,6.9,390,0.715,15.3,406,1.64,0.38,0.38,0.35,263,5,257,0.182,0.0,0,2
Viper,KR,11,0.636,9.8,6.3,1.2,5.3,9.5,466,0.742,32.2,810,1.2,0.45,0.32,0.12,200,4,17,0.364,0.0,0,4
Visdom,DK,6,0.33299999999999996,3.2,0.8,4.2,12.3,0.8,241,0.773,6.5,181,3.7,2.1,0.36,0.52,244,-7,-269,0.33299999999999996,0.16699999999999998,0,0
Vital,KR,10,0.2,1.7,1.0,5.1,7.9,1.2,249,0.73,8.8,221,3.42,1.52,0.58,0.55,-23,1,-132,0.5,0.2,0,0
Vizicsacsi,HU,6,0.833,8.3,5.0,1.8,10.2,7.8,436,0.647,22.8,772,1.04,0.53,0.09,0.19,378,5,23,0.0,0.16699999999999998,0,4
Vladi,GR,9,0.667,4.3,4.4,2.7,7.0,9.2,439,0.7240000000000001,27.2,779,1.25,0.5,0.25,0.17,150,-1,-355,0.222,0.111,0,2
Vulcan,CA,6,0.667,5.6,0.7,2.2,11.5,1.1,251,0.852,7.4,171,3.49,1.63,0.47,0.5,228,-2,370,0.5,0.0,0,0
Vuxan,RS,3,0.0,0.8,1.0,3.7,2.0,5.1,282,0.767,23.2,402,1.04,0.29,0.21,0.26,-719,-13,-683,0.33299999999999996,0.0,0,0
Vzz,BG,8,0.625,4.0,5.0,2.6,5.4,8.9,428,0.768,29.9,918,0.84,0.36,0.18,0.12,9,2,104,0.125,0.25,0,3
WNTR,DE,9,0.33299999999999996,1.6,1.7,3.8,4.2,7.0,351,0.499,17.5,432,0.87,0.42,0.12,0.08,-252,-3,-99,0.0,0.111,0,3
Wako,TW,7,0.14300000000000002,2.1,2.1,3.1,4.4,9.0,404,0.597,24.5,511,1.14,0.36,0.34,0.13,-773,0,0,0.0,0.0,0,0
Way,KR,13,0.5379999999999999,2.4,1.0,4.2,8.8,1.0,245,0.765,7.9,198,3.35,1.78,0.38,0.58,-113,-1,123,0.308,0.231,0,2
Wayne,KR,13,0.231,3.0,3.5,2.8,5.0,8.9,391,0.774,25.8,610,0.95,0.43,0.19,0.14,-543,-13,-439,0.462,0.0,0,2
Wei,CN,6,1.0,9.9,4.5,1.3,8.7,6.6,396,0.747,20.1,542,1.73,0.4,0.41,0.33,-88,0,0,0.0,0.0,0,0
WeiWei,CN,7,0.14300000000000002,1.9,2.4,3.6,4.3,6.4,338,0.784,17.9,401,1.45,0.37,0.33,0.3,37,0,0,0.0,0.0,0,0
Wet,KR,11,0.182,2.6,2.1,3.3,6.4,6.1,337,0.726,15.1,396,1.58,0.46,0.31,0.35,-354,-5,-141,0.273,0.091,0,0
White,FR,4,0.0,1.9,3.3,3.5,3.5,5.5,321,0.723,12.3,290,1.55,0.37,0.37,0.33,300,-9,21,0.25,0.25,0,1
Whiteknight,FI,10,0.4,2.8,2.0,2.6,5.2,6.8,342,0.528,19.8,460,0.96,0.44,0.1,0.14,111,5,238,0.1,0.1,0,2
Wildenbruch,DE,6,0.33299999999999996,2.0,0.8,4.7,8.7,1.0,246,0.7490000000000001,6.1,162,3.35,1.69,0.42,0.4,-41,2,-501,0.16699999999999998,0.16699999999999998,0,0
Wind1,DK,3,1.0,12.8,4.0,1.3,13.0,7.5,411,0.594,18.7,578,0.73,0.31,0.13,0.13,714,21,1170,0.0,0.0,0,2
Wink,CN,7,0.14300000000000002,2.6,1.6,3.3,7.0,1.1,249,0.701,9.9,235,3.42,1.77,0.4,0.52,-16,0,0,0.0,0.0,0,0
Winsome,US,6,0.5,2.8,0.7,4.2,10.8,1.0,240,0.722,6.2,147,3.71,1.95,0.45,0.51,57,-3,-186,0.33299999999999996,0.16699999999999998,0,0
Wiz,KR,6,0.5,4.0,2.3,2.8,9.0,5.7,325,0.696,13.4,335,1.54,0.31,0.35,0.27,-62,-3,-109,0.33299999999999996,0.16699999999999998,0,0
Wizer,KR,6,0.5,3.0,2.5,2.7,5.5,7.9,399,0.514,20.4,564,1.14,0.32,0.3,0.13,213,8,202,0.0,0.16699999999999998,0,0
Woody,TW,8,1.0,7.3,1.5,1.9,12.1,1.0,280,0.772,6.9,204,3.14,1.66,0.29,0.49,95,0,168,0.25,0.25,0,0
Woolite,PL,6,0.5,3.7,4.3,3.0,6.8,8.5,412,0.7140000000000001,25.7,766,0.96,0.4,0.23,0.09,221,3,-179,0.667,0.0,0,0
Wrongo,FR,10,0.4,2.9,0.6,4.4,12.1,1.0,250,0.725,8.0,216,3.23,1.59,0.37,0.48,40,2,224,0.3,0.0,0,0
XUN,CN,8,0.75,4.5,3.4,2.4,7.4,6.5,381,0.66,15.5,470,1.36,0.29,0.3,0.27,-195,0,0,0.0,0.0,0,0
Xagog,DE,6,0.33299999999999996,2.0,2.7,4.2,5.5,6.0,340,0.6579999999999999,13.8,390,1.27,0.24,0.26,0.22,-220,-6,-124,0.16699999999999998,0.0,0,0
Xavi,PL,10,0.8,3.8,0.7,3.3,11.7,0.9,250,0.7959999999999999,16.7,193,2.85,1.35,0.33,0.28,-139,1,-215,0.3,0.0,0,1
Xayoo,PL,8,0.75,4.5,3.9,2.8,8.5,7.2,388,0.68,25.9,817,0.81,0.22,0.19,0.06,-891,-12,-364,0.125,0.0,0,0
Xeonerr,PL,4,0.0,1.1,2.3,4.8,3.0,5.7,314,0.738,16.6,359,1.56,0.28,0.43,0.23,-97,-14,-595,0.0,0.25,0,0
Xerxe,RO,7,0.5710000000000001,5.8,3.1,2.0,8.4,6.1,353,0.755,17.5,472,1.39,0.24,0.35,0.2,468,-5,68,0.14300000000000002,0.14300000000000002,0,1
Xiaohao,CN,7,0.14300000000000002,2.4,4.1,3.6,4.3,5.9,353,0.695,16.2,398,1.24,0.37,0.21,0.25,-133,0,0,0.0,0.0,0,0
Xiaoxu,CN,8,0.5,3.3,2.1,2.0,4.5,7.7,366,0.505,18.8,402,1.06,0.41,0.16,0.16,-70,0,0,0.0,0.0,0,0
Xicor,TN,8,0.125,1.8,3.8,3.8,3.0,8.9,402,0.727,29.9,675,0.9,0.42,0.21,0.12,-661,-6,-269,0.125,0.125,0,0
XnS,TR,8,0.375,2.1,3.4,4.5,6.0,6.0,345,0.768,19.5,423,1.41,0.24,0.37,0.2,-13,-3,-187,0.5,0.25,0,2
YamatoCannon,SE,1,0.0,1.5,1.0,2.0,2.0,6.4,317,0.429,10.0,218,0.43,0.25,0.04,0.0,-827,-32,-521,0.0,0.0,0,1
Ycx,CN,6,0.5,4.0,1.8,3.7,12.7,1.3,269,0.784,8.4,232,3.82,1.82,0.6,0.64,140,0,0,0.0,0.0,0,0
Yeon,US,5,0.6,3.7,5.6,3.2,6.2,9.0,458,0.633,25.3,859,1.26,0.39,0.35,0.16,212,3,84,0.6,0.0,0,1
Yike,SE,9,0.667,4.5,3.0,2.7,9.1,5.9,357,0.7859999999999999,17.5,488,1.42,0.29,0.34,0.24,-142,-2,-142,0.222,0.0,0,1
YoungJae,KR,10,1.0,5.1,4.9,3.1,10.8,6.5,400,0.701,17.7,572,1.75,0.45,0.35,0.4,310,2,86,0.5,0.0,0,0
Yuki,HR,3,0.667,2.3,5.3,4.3,4.7,9.3,466,0.636,31.9,905,0.74,0.29,0.19,0.03,2,-4,75,0.33299999999999996,0.0,0,0
ZaFiR,GR,3,0.33299999999999996,4.6,0.0,2.7,12.3,1.1,239,0.643,6.4,178,3.05,1.55,0.32,0.35,-523,7,-115,0.0,0.0,0,0
ZaZee,DE,8,0.375,2.4,3.4,3.8,5.6,8.3,395,0.723,26.3,659,1.05,0.44,0.21,0.13,-295,0,-239,0.375,0.0,0,2
Zamulek,PL,8,0.75,5.7,5.9,2.5,8.4,8.8,460,0.747,28.6,881,1.15,0.41,0.3,0.13,514,10,352,0.125,0.0,0,1
Zankiller,MA,10,0.2,3.4,2.9,3.4,8.6,6.2,345,0.73,13.7,341,1.33,0.31,0.25,0.22,343,-5,-30,0.3,0.0,0,1
Zanzarah,RU,8,0.5,2.3,2.1,3.8,6.5,6.0,337,0.6609999999999999,16.9,427,1.37,0.31,0.26,0.24,-55,1,53,0.125,0.25,0,0
Zdz,CN,7,0.14300000000000002,1.4,1.6,4.4,4.6,7.4,357,0.496,21.5,510,1.08,0.47,0.17,0.22,-173,0,0,0.0,0.0,0,0
Zeka,KR,11,0.636,3.7,3.5,2.5,5.9,8.6,404,0.562,25.0,647,1.2,0.43,0.27,0.2,206,8,316,0.182,0.091,0,3
Zest,KR,6,0.16699999999999998,2.9,2.5,2.5,4.7,8.2,378,0.532,28.4,742,0.93,0.38,0.18,0.09,-11,4,-171,0.16699999999999998,0.0,0,0
Zeus,KR,11,0.636,2.9,2.0,2.8,6.2,7.6,382,0.57,19.2,486,1.04,0.38,0.15,0.19,110,5,189,0.0,0.273,0,4
Zewih,IT,7,0.5710000000000001,5.4,5.0,2.0,5.9,8.2,437,0.733,28.1,681,0.63,0.24,0.16,0.02,480,3,-447,0.28600000000000003,0.0,0,0
Zeyzal,US,5,0.4,2.2,0.0,2.6,5.8,1.1,226,0.6729999999999999,6.3,142,3.32,1.73,0.33,0.46,-243,0,80,0.2,0.0,0,0
Zhuo,CN,7,0.14300000000000002,1.5,0.0,4.0,6.1,1.0,217,0.664,7.7,173,3.39,1.89,0.37,0.51,-208,0,0,0.0,0.0,0,0
Zicssi,FR,7,0.5710000000000001,2.5,1.6,3.4,7.0,6.2,337,0.679,15.2,348,1.8,0.32,0.5,0.29,276,11,360,0.28600000000000003,0.14300000000000002,0,0
Zika,CN,7,0.14300000000000002,1.6,2.3,3.4,3.3,7.7,356,0.531,22.6,506,0.87,0.33,0.15,0.16,252,0,0,0.0,0.0,0,0
Zinie,KR,10,1.0,6.0,5.1,2.3,8.6,8.5,441,0.618,29.9,939,1.26,0.47,0.31,0.23,966,10,407,0.2,0.0,0,4
Zoelys,FR,7,0.5710000000000001,3.4,0.7,3.4,11.0,1.1,248,0.7490000000000001,7.6,204,3.49,1.73,0.47,0.45,71,1,171,0.28600000000000003,0.28600000000000003,0,0
Zothve,CL,7,0.5710000000000001,2.5,3.1,3.4,5.3,7.3,363,0.51,18.7,531,0.9,0.35,0.16,0.19,-174,-4,-403,0.28600000000000003,0.14300000000000002,0,0
Zubac,CZ,6,0.5,3.5,3.2,3.3,8.5,5.4,350,0.743,16.1,482,1.1,0.16,0.3,0.16,-452,-14,-295,0.33299999999999996,0.16699999999999998,0,1
Zuhy,DK,3,0.0,1.6,1.3,4.0,5.0,8.4,358,0.8079999999999999,27.1,626,0.98,0.4,0.18,0.12,-905,-17,-1315,0.0,0.667,0,0
Zven,DK,6,0.667,6.2,3.3,1.7,7.0,9.0,418,0.7090000000000001,31.1,708,0.95,0.39,0.19,0.1,-397,-2,-424,0.33299999999999996,0.0,0,1
alishor,RO,2,0.5,1.6,2.0,4.5,5.0,6.8,349,0.478,13.3,414,0.93,0.38,0.17,0.17,-1214,-14,-756,0.0,0.0,0,1
ardaffler,RU,4,0.0,2.0,2.5,2.5,2.5,8.5,374,0.698,25.5,540,0.71,0.35,0.18,0.11,-766,-17,-340,0.25,0.0,0,0
bat,CN,4,0.25,2.8,2.8,3.0,5.8,9.1,409,0.7709999999999999,21.4,412,1.17,0.44,0.31,0.17,-504,0,0,0.0,0.0,0,0
behave,PL,10,0.8,3.6,2.8,3.4,9.3,5.1,333,0.6709999999999999,11.9,355,1.03,0.2,0.22,0.2,-518,-5,-166,0.3,0.1,0,0
bluerzor,HU,10,0.7,4.1,3.9,3.3,9.5,6.2,375,0.7559999999999999,17.7,501,1.39,0.33,0.3,0.25,-230,0,-303,0.5,0.2,0,1
buffi,PL,8,0.25,2.6,2.3,3.0,5.5,8.4,390,0.6829999999999999,24.1,551,0.71,0.3,0.12,0.08,-202,-4,-428,0.125,0.25,0,0
chef,TR,7,0.429,4.3,2.9,3.0,10.0,6.0,350,0.732,14.8,382,1.27,0.23,0.28,0.25,-426,-17,-479,0.5710000000000001,0.14300000000000002,0,0
cody,CL,7,0.5710000000000001,6.5,5.1,2.1,8.7,8.6,442,0.868,32.1,869,1.17,0.62,0.14,0.29,590,9,536,0.5710000000000001,0.0,0,2
czypsy,PL,4,1.0,7.9,1.3,2.5,18.5,1.2,274,0.775,7.5,252,4.07,1.93,0.53,0.46,210,6,480,0.75,0.0,0,0
deokdam,KR,13,0.5379999999999999,2.8,3.5,3.1,5.0,8.8,411,0.628,26.4,623,1.01,0.37,0.29,0.06,-593,-10,-581,0.308,0.077,0,0
destroy,KR,8,0.5,3.0,2.0,2.6,5.9,7.4,352,0.485,16.7,400,1.18,0.37,0.28,0.21,-716,-10,-675,0.0,0.25,0,1
dyNquedo,BR,6,0.5,3.4,3.5,3.5,8.3,7.8,383,0.72,23.3,652,1.17,0.43,0.28,0.27,25,-4,-322,0.33299999999999996,0.16699999999999998,0,2
eXyu,US,5,0.2,1.9,1.0,3.8,6.4,6.1,334,0.743,14.5,369,1.52,0.35,0.31,0.26,182,-1,24,0.6,0.0,0,1
eaRyz,FR,3,0.667,1.5,3.0,5.3,5.0,5.6,351,0.48200000000000004,14.3,406,1.23,0.32,0.22,0.29,-487,-9,-214,0.33299999999999996,0.0,0,0
escoX,ES,9,0.0,0.8,0.7,5.8,3.7,1.1,232,0.76,9.6,200,2.83,1.44,0.36,0.39,-443,2,-431,0.111,0.111,0,0
eskii,NO,6,0.667,7.8,1.0,1.8,13.3,0.9,268,0.703,7.7,220,3.02,1.59,0.28,0.29,191,2,190,0.33299999999999996,0.16699999999999998,0,0
fNb,BR,5,0.6,4.1,2.6,2.8,9.0,8.2,404,0.638,26.6,766,1.02,0.42,0.15,0.16,174,2,334,0.0,0.0,0,0
frajgo,PL,8,0.75,3.8,4.8,2.8,5.8,7.8,431,0.579,20.7,693,0.82,0.29,0.15,0.09,-440,-4,-413,0.25,0.125,0,10
frosty,BR,5,0.6,4.2,1.4,3.6,13.6,1.2,260,0.7829999999999999,6.6,183,3.39,1.47,0.52,0.45,150,9,113,0.4,0.2,0,0
iBo,PL,10,0.7,4.9,4.9,2.6,7.8,8.2,432,0.6940000000000001,24.5,716,1.07,0.37,0.2,0.11,529,8,462,0.2,0.1,0,7
iLevi,AL,10,0.4,2.5,0.9,3.9,8.8,1.0,246,0.746,8.4,192,3.7,1.85,0.44,0.5,12,-3,-13,0.2,0.2,0,0
iwanan,PL,7,0.5710000000000001,4.2,4.6,2.3,5.0,9.2,432,0.667,28.5,716,0.68,0.28,0.13,0.02,21,-5,118,0.28600000000000003,0.0,0,3
jactroll,PL,6,0.5,2.3,2.0,5.0,9.3,0.9,255,0.737,11.7,357,2.91,1.54,0.24,0.31,434,-2,212,0.667,0.0,0,0
jojopyun,CA,9,0.667,2.9,3.7,3.3,5.9,8.6,416,0.568,24.0,683,1.22,0.58,0.21,0.31,147,6,251,0.111,0.0,0,1
jokaa,DE,6,0.667,4.3,4.0,3.0,9.0,5.9,365,0.614,16.2,547,1.2,0.28,0.26,0.24,145,-7,-75,0.16699999999999998,0.16699999999999998,0,1
justcan,TR,7,0.5710000000000001,4.6,0.7,2.9,12.3,1.0,262,0.723,6.9,196,2.86,1.37,0.36,0.33,100,1,98,0.28600000000000003,0.0,0,0
kamilius,SK,10,0.5,2.9,0.5,3.6,10.1,1.0,242,0.6940000000000001,6.2,160,3.35,1.64,0.43,0.48,42,0,-241,0.3,0.2,0,0
kingen,KR,13,0.5379999999999999,3.3,2.7,2.5,5.5,7.8,393,0.589,22.9,587,1.07,0.37,0.2,0.23,34,-2,125,0.231,0.077,0,4
leemas,TR,9,0.111,2.2,2.6,3.2,4.6,8.5,389,0.562,27.5,600,0.97,0.35,0.26,0.08,-665,-14,-824,0.222,0.111,0,0
lori,DE,6,0.33299999999999996,1.4,1.2,8.0,9.8,0.9,254,0.8029999999999999,10.2,270,3.77,1.92,0.46,0.58,163,-2,-116,0.33299999999999996,0.33299999999999996,0,0
marlon,PL,8,0.25,2.0,1.0,5.1,9.5,0.9,245,0.727,8.2,235,3.13,1.59,0.35,0.49,-73,-2,-232,0.375,0.25,0,1
meiko,CN,8,0.5,3.7,0.6,2.9,9.9,1.1,247,0.79,8.2,213,3.6,1.78,0.48,0.55,-23,0,0,0.0,0.0,0,0
mihai,RO,3,0.667,5.1,4.7,2.3,7.3,8.8,426,0.495,22.1,681,1.32,0.42,0.35,0.11,-25,6,250,0.0,0.0,0,0
milkyway,CN,8,0.5,4.4,3.6,2.4,6.9,6.9,374,0.782,19.6,417,1.32,0.26,0.3,0.21,259,0,0,0.0,0.0,0,0
minemaciek,PL,8,0.75,3.1,0.8,4.6,13.5,1.0,263,0.7709999999999999,7.1,221,3.26,1.71,0.3,0.48,-253,0,-172,0.25,0.375,0,0
monkaS,TR,8,0.5,2.6,0.4,4.3,10.8,0.9,232,0.696,6.7,160,3.22,1.59,0.4,0.43,-138,1,-61,0.375,0.0,0,0
nicolaiy,BG,3,0.667,6.9,3.0,2.3,13.0,6.6,400,0.742,14.2,435,1.51,0.33,0.32,0.36,54,-11,-323,0.0,0.33299999999999996,0,0
noname,GB,8,0.5,3.6,3.5,3.0,7.3,6.1,356,0.645,17.5,514,1.29,0.29,0.27,0.24,403,0,292,0.5,0.0,0,1
noz2k,DE,9,0.556,5.9,2.8,2.0,9.1,8.7,407,0.6809999999999999,28.7,759,0.93,0.4,0.24,0.12,99,3,322,0.33299999999999996,0.0,0,2
nrmn,FR,8,0.375,3.5,3.5,2.8,6.0,8.4,395,0.648,24.4,575,1.02,0.37,0.24,0.14,-606,-11,-73,0.125,0.125,0,1
nuc,FR,9,0.444,4.8,4.0,2.2,6.6,8.6,414,0.767,31.2,842,1.0,0.38,0.2,0.2,62,-1,-150,0.111,0.0,0,2
odi11,PL,10,0.8,6.8,7.6,1.9,5.3,8.3,459,0.6990000000000001,30.7,899,0.63,0.23,0.14,0.05,-8,3,540,0.2,0.2,0,3
pr1me,TR,10,0.6,4.3,4.6,2.5,6.1,7.1,417,0.522,22.5,615,0.62,0.29,0.11,0.01,-96,-12,-493,0.0,0.2,0,3
ptt,ES,9,0.0,0.8,1.9,4.7,1.8,8.2,365,0.674,29.5,614,0.8,0.42,0.13,0.08,-1318,-18,-891,0.222,0.222,0,2
sasi,CN,6,0.5,4.8,3.2,2.5,8.8,7.5,395,0.6559999999999999,24.7,676,0.87,0.31,0.14,0.12,165,0,0,0.0,0.0,0,0
scary,BR,7,0.5710000000000001,4.1,1.4,3.0,10.9,5.9,339,0.784,13.1,370,1.34,0.3,0.33,0.27,-303,-8,-368,0.7140000000000001,0.0,0,1
shanji,CN,4,0.75,3.9,2.5,2.0,5.3,7.7,363,0.447,20.7,510,0.96,0.32,0.18,0.14,-28,0,0,0.0,0.0,0,0
sheer,CN,4,0.25,3.6,1.8,2.0,5.5,8.2,379,0.6409999999999999,21.7,420,0.91,0.36,0.12,0.16,-188,0,0,0.0,0.0,0,0
sorrow,CN,4,0.25,2.7,1.5,2.8,6.0,6.2,335,0.667,15.5,308,1.47,0.29,0.36,0.25,-297,0,0,0.0,0.0,0,0
twohoyrz,BG,10,0.7,4.8,4.1,2.6,8.4,8.7,439,0.654,25.5,746,0.95,0.41,0.16,0.13,-257,0,-3,0.3,0.2,0,1
uden,PL,5,0.4,2.7,0.4,3.4,8.8,1.1,250,0.593,6.0,159,3.61,1.72,0.47,0.35,-99,-2,-144,0.4,0.0,0,0
uroskg,RS,2,0.0,2.2,3.0,4.5,7.0,5.7,347,0.754,14.5,304,0.83,0.24,0.19,0.12,-56,-9,-646,0.5,0.0,0,0
whiteinn,RO,10,0.4,2.9,0.7,3.7,10.0,0.9,252,0.77,6.5,159,2.96,1.55,0.28,0.35,19,-5,-11,0.4,0.1,0,0
xKenzuke,DE,8,0.625,5.7,5.4,2.4,8.3,8.6,455,0.787,30.3,866,1.17,0.4,0.29,0.15,152,7,401,0.25,0.25,0,2
xiaohu,CN,7,0.857,4.1,3.4,2.9,8.3,8.0,417,0.6609999999999999,31.9,810,1.14,0.3,0.29,0.16,989,0,0,0.0,0.0,0,0
xmatty,GB,6,0.833,8.9,6.8,1.7,8.0,8.3,453,0.629,25.0,831,0.82,0.32,0.21,0.03,-93,0,64,0.5,0.0,0,2
xqw,CN,6,0.5,3.2,4.2,4.0,8.7,8.1,410,0.701,24.3,668,1.05,0.26,0.24,0.14,92,0,0,0.0,0.0,0,0
